東芝 MQ04ABD200,容量 2TB | 2.5インチ | 5400 rpm | Serial ATA600 | 2018-02-27発売,6179
Western Digital WD60EZAZ-RT,容量 6TB | 3.5インチ | 5400 rpm | Serial ATA600 | 2019-02-01発売,9667
東芝 MQ04ABF100,容量 1TB | 2.5インチ | 5400 rpm | Serial ATA600,4106
Seagate ST8000DM004,容量 8TB | 3.5インチ | 5400 rpm | Serial ATA600 | 2018-01-12発売,14077
Seagate ST9500620NS,容量 500GB | 2.5インチ | 7200 rpm | Serial ATA600,1738
Western Digital WD40EZRZ-RT2,容量 4TB | 3.5インチ | 5400 rpm | Serial ATA600,7949
東芝 DT02ABA400,容量 4TB | 3.5インチ | 5400 rpm | Serial ATA600,7204
Western Digital WD10SPZX,容量 1TB | 2.5インチ | 5400 rpm | Serial ATA600 | 2017-07-15発売,4890
Seagate ST2000LM015,容量 2TB | 2.5インチ | 5400 rpm | Serial ATA600 | 2016-10-01発売,7730
Western Digital WD40NPZZ,容量 4TB | 2.5インチ | 5400 rpm | Serial ATA600,15415
Western Digital WD80EFAX,容量 8TB | 3.5インチ | 5400 rpm | Serial ATA600 | 2018-06-01発売,18826
Western Digital WD80EFBX,容量 8TB | 3.5インチ | 7200 rpm | Serial ATA600,19799
Western Digital WD20SPZX,容量 2TB | 2.5インチ | 5400 rpm | Serial ATA600 | 2018-02-01発売,10109
Western Digital WD60EFAX-RT,容量 6TB | 3.5インチ | 5400 rpm | Serial ATA600 | 2019-03-01発売,15378
Western Digital WD20EFAX-RT,容量 2TB | 3.5インチ | 5400 rpm | Serial ATA600 | 2019-04-01発売,7238
東芝 MQ01ABD050V,容量 500GB | 2.5インチ | 5400 rpm | Serial ATA300,2970
東芝 MN08ACA14T/JP,容量 14TB | 3.5インチ | 7200 rpm | Serial ATA600,33799
東芝 MN08ACA16T/JP,容量 16TB | 3.5インチ | 7200 rpm | Serial ATA600,42799
東芝 MN06ACA800/JP,容量 8TB | 3.5インチ | 7200 rpm | Serial ATA600,17800
東芝 MQ01ABD100M,容量 1TB | 2.5インチ | 5400 rpm | Serial ATA300,4180
東芝 DT02ABA600,容量 6TB | 3.5インチ | 5400 rpm | Serial ATA600,10680
東芝 MQ01ABD100V,容量 1TB | 2.5インチ | 5400 rpm | Serial ATA300,4180
Seagate ST4000DM004,容量 4TB | 3.5インチ | 5400 rpm | Serial ATA600 | 2017-07-14発売,7810
東芝 MN05ACA800/JP,容量 8TB | 3.5インチ | 7200 rpm | Serial ATA600,17499
Western Digital WD101EFBX,容量 10TB | 3.5インチ | 7200 rpm | Serial ATA600,26792
Western Digital WD10SPSX,容量 1TB | 2.5インチ | 7200 rpm | Serial ATA600,7714
Seagate ST6000DM003,容量 6TB | 3.5インチ | 5400 rpm | Serial ATA600 | 2018-01-12発売,10317
Western Digital WD40EFAX-RT,容量 4TB | 3.5インチ | 5400 rpm | Serial ATA600 | 2020-02-14発売,12958
HGST HCC545050A7E380,容量 500GB | 2.5インチ | 5400 rpm | Serial ATA300,3480
Seagate ST1000LM048,容量 1TB | 2.5インチ | 5400 rpm | Serial ATA600 | 2016-10-01発売,4993
東芝 MN04ACA400/JP,容量 4TB | 3.5インチ | 7200 rpm | Serial ATA600,10799
Western Digital WD120EFAX,容量 12TB | 3.5インチ | 5400 rpm | Serial ATA600 | 2019-06-14発売,31107
Western Digital WD40EFZX,容量 4TB | 3.5インチ | 5400 rpm | Serial ATA600,13679
Seagate ST8000VN004,容量 8TB | 3.5インチ | 7200 rpm | Serial ATA600,19976
Seagate ST12000VN0008,容量 12TB | 3.5インチ | 7200 rpm | Serial ATA600,29677
Western Digital WD5000LPCX,容量 500GB | 2.5インチ | 5400 rpm | Serial ATA600,4480
Seagate ST6000VN001,容量 6TB | 3.5インチ | 5400 rpm | Serial ATA600,15262
東芝 DT02ABA200,容量 2TB | 3.5インチ | 5400 rpm | Serial ATA600,5899
Western Digital WD20PURZ,容量 2TB | 3.5インチ | 5400 rpm | Serial ATA600 | 2017-05-01発売,7326
Seagate ST500LM034,容量 500GB | 2.5インチ | 7200 rpm | Serial ATA600,6356
Seagate ST1000LM049,容量 1TB | 2.5インチ | 7200 rpm | Serial ATA600,6948
東芝 MN07ACA12T/JP,容量 12TB | 3.5インチ | 7200 rpm | Serial ATA600,29800
東芝 HDWU120UZSVA,容量 2TB | 3.5インチ | 5700 rpm | Serial ATA600,6180
HGST HUS726040ALE614,容量 4TB | 3.5インチ | 7200 rpm | Serial ATA600,9900
Western Digital WD20EZAZ-RT,容量 2TB | 3.5インチ | 5400 rpm | Serial ATA600 | 2018-10-01発売,6467
Western Digital WUH721818ALE6L4,容量 18TB | 3.5インチ | 7200 rpm | Serial ATA600,57999
Seagate ST500VT001,容量 500GB | 2.5インチ | 5400 rpm | Serial ATA600,2880
Western Digital WD140EFFX,容量 14TB | 3.5インチ | 5400 rpm | Serial ATA600 | 2019-11-29発売,40018
東芝 MG08ACA16TE,容量 16TB | 3.5インチ | 7200 rpm | Serial ATA600,45980
Western Digital WD120EFBX,容量 12TB | 3.5インチ | 7200 rpm | Serial ATA600,33979
Western Digital WD30PURZ,容量 3TB | 3.5インチ | 5400 rpm | Serial ATA600 | 2017-05-01発売,8082
Seagate ST4000VN008,容量 4TB | 3.5インチ | 5900 rpm | Serial ATA600,13679
東芝 MN06ACA10T/JP,容量 10TB | 3.5インチ | 7200 rpm | Serial ATA600,23999
Seagate ST1000NX0423,容量 1TB | 2.5インチ | 7200 rpm | Serial ATA600,21736
Western Digital WD40PURZ,容量 4TB | 3.5インチ | 5400 rpm | Serial ATA600 | 2017-05-01発売,11300
東芝 MG07ACA12TE/JP,容量 12TB | 3.5インチ | 7200 rpm | Serial ATA600,30604
Western Digital WD30EFAX-RT,容量 3TB | 3.5インチ | 5400 rpm | Serial ATA600 | 2020-02-21発売,10257
Seagate ST18000NE000,容量 18TB | 3.5インチ | 7200 rpm | Serial ATA600,56000
Western Digital WD30EFZX,容量 3TB | 3.5インチ | 5400 rpm | Serial ATA600,10679
ロジテック LHD-NA20SAKWGP,容量 2TB | 2.5インチ | 5400 rpm | Serial ATA600 | 2016-02-12発売,-
Seagate ST500LM030,容量 500GB | 2.5インチ | 5400 rpm | Serial ATA600,4284
Seagate ST2000DM008,容量 2TB | 3.5インチ | 7200 rpm | Serial ATA600 | 2018-10-05発売,6577
東芝 MN05ACA600/JP,容量 6TB | 3.5インチ | 7200 rpm | Serial ATA600,14800
Western Digital WD10PURZ,容量 1TB | 3.5インチ | 5400 rpm | Serial ATA600 | 2017-05-01発売,5763
Seagate ST14000NE0008,容量 14TB | 3.5インチ | 7200 rpm | Serial ATA600,37265
Seagate ST16000NE000,容量 16TB | 3.5インチ | 7200 rpm | Serial ATA600 | 2019-07-25発売,45077
東芝 MN08ADA400E/JP,容量 4TB | 3.5インチ | 7200 rpm | Serial ATA600 | 2021-02-04発売,11800
Western Digital WD82PURZ,容量 8TB | 3.5インチ | 7200 rpm | Serial ATA600 | 2019-05-24発売,23661
Seagate ST1000DM010,容量 1TB | 3.5インチ | 7200 rpm | Serial ATA600,4925
Western Digital WD101EFAX,容量 10TB | 3.5インチ | 5400 rpm | Serial ATA600,24981
Seagate ST2000VN004,容量 2TB | 3.5インチ | 5900 rpm | Serial ATA600,7680
東芝 MN05ACA800,容量 8TB | 3.5インチ | 7200 rpm | Serial ATA600 | 2017-02-08発売,17578
Western Digital WD4005FZBX,容量 4TB | 3.5インチ | 7200 rpm | Serial ATA600 | 2018-02-01発売,19645
東芝 MN06ACA10T,容量 10TB | 3.5インチ | 7200 rpm | Serial ATA600,22980
Seagate ST2000DM005,容量 2TB | 3.5インチ | 5400 rpm | Serial ATA600 | 2018-07-01発売,5720
東芝 MG08ACA16TE/JP,容量 16TB | 3.5インチ | 7200 rpm | Serial ATA600,47800
Seagate ST3000VN007,容量 3TB | 3.5インチ | 5900 rpm | Serial ATA600,10978
東芝 MG07ACA12TE,容量 12TB | 3.5インチ | 7200 rpm | Serial ATA600,30579
Western Digital WD60PURZ,容量 6TB | 3.5インチ | 5400 rpm | Serial ATA600 | 2017-05-01発売,18970
東芝 MG06ACA800E,容量 8TB | 3.5インチ | 7200 rpm | Serial ATA600,19579
Western Digital WD140EFGX,容量 14TB | 3.5インチ | 7200 rpm | Serial ATA600,40980
東芝 MN08ACA16T,容量 16TB | 3.5インチ | 7200 rpm | Serial ATA600,44980
東芝 MN08ACA14T/JP2 2台セット,容量 14TB | 3.5インチ | 7200 rpm | Serial ATA600,66800
東芝 MG07ACA14TE,容量 14TB | 3.5インチ | 7200 rpm | Serial ATA600,36960
東芝 MN05ACA800/JP2 2台セット,容量 8TB | 3.5インチ | 7200 rpm | Serial ATA600,34800
東芝 MN07ACA12T,容量 12TB | 3.5インチ | 7200 rpm | Serial ATA600 | 2018-09-01発売,29980
Western Digital WD181KRYZ,容量 18TB | 3.5インチ | 7200 rpm | Serial ATA600,74332
Western Digital WD8001FZBX,容量 8TB | 3.5インチ | 7200 rpm | Serial ATA600,35480
ロジテック LHD-WD20EURX,容量 2TB | 3.5インチ | 2017-06-22発売,-
Seagate ST500DM009,容量 500GB | 3.5インチ | 7200 rpm | Serial ATA600,4674
東芝 MD06ACA10T,容量 10TB | 3.5インチ | 7200 rpm | Serial ATA600,24800
東芝 MG06ACA10TE,容量 10TB | 3.5インチ | 7200 rpm | Serial ATA600,26399
東芝 MN04ACA400,容量 4TB | 3.5インチ | 7200 rpm | Serial ATA600 | 2017-02-08発売,10800
Western Digital WD4003FRYZ,容量 4TB | 3.5インチ | 7200 rpm | Serial ATA600,21979
東芝 MN08ADA400E/JP2 2台セット,容量 4TB | 3.5インチ | 7200 rpm | Serial ATA600 | 2021-02-04発売,23000
Seagate ST8000NE001,容量 8TB | 3.5インチ | 7200 rpm | Serial ATA600 | 2019-07-04発売,24821
東芝 MD06ACA800,容量 8TB | 3.5インチ | 7200 rpm | Serial ATA600 | 2020-06-01発売,18480
Western Digital WD6003FFBX,容量 6TB | 3.5インチ | 7200 rpm | Serial ATA600 | 2018-03-01発売,26003
HGST HUS722T2TALA604,容量 2TB | 3.5インチ | 7200 rpm | Serial ATA600,12454
東芝 MN07ACA12T/JP2 2台セット,容量 12TB | 3.5インチ | 7200 rpm | Serial ATA600,58800
Western Digital WD40EFRX-RT2,容量 4TB | 3.5インチ | 5400 rpm | Serial ATA600,14800
東芝 MG07ACA14TE/JP,容量 14TB | 3.5インチ | 7200 rpm | Serial ATA600,38400
Western Digital WD101FZBX,容量 10TB | 3.5インチ | 7200 rpm | Serial ATA600,40979
Seagate ST10000VN0008,容量 10TB | 3.5インチ | 7200 rpm | Serial ATA600,29350
Western Digital WD6003FZBX,容量 6TB | 3.5インチ | 7200 rpm | Serial ATA600 | 2018-02-01発売,25983
Western Digital WD161KRYZ,容量 16TB | 3.5インチ | 7200 rpm | Serial ATA600,64176
Western Digital WD8003FFBX,容量 8TB | 3.5インチ | 7200 rpm | Serial ATA600 | 2018-06-01発売,38800
東芝 MN08ACA16T/JP2 2台セット,容量 16TB | 3.5インチ | 7200 rpm | Serial ATA600,84800
東芝 MN07ACA14T,容量 14TB | 3.5インチ | 7200 rpm | Serial ATA600 | 2018-09-01発売,39380
Seagate ST4000VX007,容量 4TB | 3.5インチ | Serial ATA600,12980
東芝 MG06ACA800E/JP,容量 8TB | 3.5インチ | 7200 rpm | Serial ATA600,21400
Western Digital WD161KFGX,容量 16TB | 3.5インチ | 7200 rpm | Serial ATA600,84800
Western Digital WD4003FFBX,容量 4TB | 3.5インチ | 7200 rpm | Serial ATA600,22329
Western Digital WD20EFZX,容量 2TB | 3.5インチ | 5400 rpm | Serial ATA600,8800
Western Digital WD8004FRYZ,容量 8TB | 3.5インチ | 7200 rpm | Serial ATA600,33990
Lenovo 7XB7A00049,容量 1TB | 3.5インチ | 7200 rpm | Serial ATA600 | 2017-08-08発売,3980
Seagate ST12000NE0008,容量 12TB | 3.5インチ | 7200 rpm | Serial ATA600,35800
Western Digital WD2005FBYZ,容量 2TB | 3.5インチ | 7200 rpm | Serial ATA600,14665
Western Digital HUS726T6TALE6L4,容量 6TB | 3.5インチ | 7200 rpm | Serial ATA600,28000
東芝 MN04ACA400/JP2 2台セット,容量 4TB | 3.5インチ | 7200 rpm | Serial ATA600,21500
Seagate ST8000VX004,容量 8TB | 3.5インチ | 7200 rpm | Serial ATA600,26167
東芝 MG04ACA600E,容量 6TB | 3.5インチ | 7200 rpm | Serial ATA600,17379
Western Digital WD141KRYZ,容量 14TB | 3.5インチ | 7200 rpm | Serial ATA600,60980
Seagate ST1000VN002,容量 1TB | 3.5インチ | 5900 rpm | Serial ATA600,6855
Western Digital WD180PURZ,容量 18TB | 3.5インチ | 7200 rpm | Serial ATA600,65799
東芝 MG04ACA600E/JP,容量 6TB | 3.5インチ | 7200 rpm | Serial ATA600,18400
東芝 MG04ACA400E/JP,容量 4TB | 3.5インチ | 7200 rpm | Serial ATA600,14278
Seagate ST3000DM007,容量 3TB | 3.5インチ | 5400 rpm | Serial ATA600 | 2017-12-01発売,7850
東芝 MN05ACA600,容量 6TB | 3.5インチ | 7200 rpm | Serial ATA600 | 2017-02-08発売,14980
Seagate ST1000VX005,容量 1TB | 3.5インチ | Serial ATA600,5680
Western Digital WD181KFGX,容量 18TB | 3.5インチ | 7200 rpm | Serial ATA600 | 2020-11-01発売,94800
Western Digital HUS726T4TALA6L4,容量 4TB | 3.5インチ | 7200 rpm | Serial ATA600,21340
Western Digital WD121KRYZ,容量 12TB | 3.5インチ | 7200 rpm | Serial ATA600 | 2017-10-01発売,50980
Western Digital WD2002FFSX,容量 2TB | 3.5インチ | 7200 rpm | Serial ATA600 | 2016-05-01発売,14800
東芝 MG04ACA400N,容量 4TB | 3.5インチ | 7200 rpm | Serial ATA600,13969
Seagate ST6000VX001,容量 6TB | 3.5インチ | Serial ATA600,19448
Seagate ST6000NE000,容量 6TB | 3.5インチ | 7200 rpm | Serial ATA600 | 2019-07-04発売,20564
IODATA HDI-S1.0A7B,容量 1TB | 3.5インチ | 7200 rpm | Serial ATA600 | 2017-11-01発売,12927
Western Digital WD102PURZ,容量 10TB | 3.5インチ | 7200 rpm | Serial ATA600,31773
HGST HUS722T1TALA604,容量 1TB | 3.5インチ | 7200 rpm | Serial ATA600 | 2016-09-16発売,7714
Western Digital WD1005FBYZ,容量 1TB | 3.5インチ | 7200 rpm | Serial ATA600,10480
Seagate ST4000NE001,容量 4TB | 3.5インチ | 7200 rpm | Serial ATA600 | 2019-07-04発売,16478
東芝 MG06ACA10TE/JP,容量 10TB | 3.5インチ | 7200 rpm | Serial ATA600,28400
ロジテック LHD-WD30EZRZ,容量 3TB | 3.5インチ | 2017-06-22発売,-
Seagate ST6000VX0023,容量 6TB | 3.5インチ | Serial ATA600,19480
Seagate ST2000VX008,容量 2TB | 3.5インチ | Serial ATA600,7200
Western Digital WD102KFBX,容量 10TB | 3.5インチ | 7200 rpm | Serial ATA600,50980
Seagate ST10000NE0008,容量 10TB | 3.5インチ | 7200 rpm | Serial ATA600,34800
ロジテック LHD-WD30EFAX,容量 3TB | 3.5インチ | Serial ATA600 | 2020-04-16発売,-
ロジテック LHD-WD20EFRX,容量 2TB | 3.5インチ | 2017-06-22発売,-
ロジテック LHD-WD40EZRZ,容量 4TB | 3.5インチ | 2017-06-22発売,-
Seagate ST10000NE0004,容量 10TB | 3.5インチ | 7200 rpm | Serial ATA600,39800
Seagate ST10000VN0004,容量 10TB | 3.5インチ | 7200 rpm | Serial ATA600 | 2016-07-29発売,38750
ロジテック LHD-WD10EFRX,容量 1TB | 3.5インチ | 2017-06-22発売,-
Western Digital HUS728T8TALE6L4,容量 8TB | 3.5インチ | 7200 rpm | Serial ATA600,38043
HGST HUH721212ALE600,容量 12TB | 3.5インチ | 7200 rpm | Serial ATA600 | 2017-09-09発売,54348
Western Digital WD121KFBX,容量 12TB | 3.5インチ | 7200 rpm | Serial ATA600 | 2019-06-14発売,60270
ロジテック LHD-WD40EFRX,容量 4TB | 3.5インチ | 2017-06-22発売,-
ロジテック LHD-WD60EFRX,容量 6TB | 3.5インチ | 2017-06-22発売,-
ロジテック LHD-WD20EZRZ,容量 2TB | 3.5インチ | 2017-06-22発売,-
Western Digital WUH721816ALE6L4,容量 16TB | 3.5インチ | 7200 rpm | Serial ATA600,72800
Seagate ST2000NM0008,容量 2TB | 3.5インチ | 7200 rpm | Serial ATA600,13900
Seagate ST8000NM000A,容量 8TB | 3.5インチ | 7200 rpm | Serial ATA600,32146
Seagate ST1000NM000A,容量 1TB | 3.5インチ | 7200 rpm | Serial ATA600,14913
Western Digital WD141KFGX,容量 14TB | 3.5インチ | 7200 rpm | Serial ATA600 | 2019-12-06発売,72799
東芝 MD06ACA600V,容量 6TB | 3.5インチ | 7200 rpm | Serial ATA600,10780
ロジテック LHD-WD30EFRX,容量 3TB | 3.5インチ | 2017-06-22発売,-
Western Digital WD8003FRYZ,容量 8TB | 3.5インチ | 7200 rpm | Serial ATA600,59130
Western Digital WD5001FZWX,容量 5TB | 3.5インチ | 7200 rpm | Serial ATA600,-
Western Digital WD6002FZWX,容量 6TB | 3.5インチ | 7200 rpm | Serial ATA600,-
Western Digital HUS726T4TALE6L4,容量 4TB | 3.5インチ | 7200 rpm | Serial ATA600,23100
Seagate ST940210AS,容量 40GB | 2.5インチ | 5400 rpm | Serial ATA150,-
HGST 0S04037,容量 10TB | 3.5インチ | 7200 rpm | Serial ATA600 | 2017-09-09発売,-
HGST HTS725050B7E630,容量 500GB | 2.5インチ | 7200 rpm | Serial ATA600 | 2017-09-09発売,-
Seagate ST8000NM0055,容量 8TB | 3.5インチ | 7200 rpm | Serial ATA600 | 2016-03-24発売,42500
Seagate ST10000DM0004,容量 10TB | 3.5インチ | 7200 rpm | Serial ATA600 | 2016-09-09発売,46920
Seagate ST14000DM001,容量 14TB | 3.5インチ | 7200 rpm | Serial ATA600 | 2018-10-05発売,-
Seagate ST8000NE0004,容量 8TB | 3.5インチ | 7200 rpm | Serial ATA600,25980
Seagate ST4000DM005,容量 4TB | 3.5インチ | Serial ATA600 | 2016-10-01発売,-
HGST HTS541010B7E610,容量 1TB | 2.5インチ | 5400 rpm | Serial ATA600 | 2017-06-10発売,-
Western Digital WD30NPZZ,容量 3TB | 2.5インチ | 5400 rpm | Serial ATA600,15580
Seagate ST6000VN0021,容量 6TB | 3.5インチ | Serial ATA600,-
Seagate ST16000NM001G,容量 16TB | 3.5インチ | 7200 rpm | Serial ATA600,62577
東芝 MQ01ABD032V,容量 320GB | 2.5インチ | 5400 rpm | Serial ATA300,-
Seagate ST4000LM024,容量 4TB | 2.5インチ | 5400 rpm | Serial ATA600,26700
ロジテック LHD-WD10JFCX,容量 1TB | 2.5インチ | Serial ATA600 | 2017-06-22発売,-
Seagate ST3000LM024,容量 3TB | 2.5インチ | 5400 rpm | Serial ATA600,-
HGST HTS545050B7E660,容量 500GB | 2.5インチ | 5400 rpm | Serial ATA600,-
Seagate ST1500LM006,容量 1.5TB | 2.5インチ | 5400 rpm | Serial ATA600,-
Western Digital WD40PURX-RT2,容量 4TB | 3.5インチ | Serial ATA600,-
東芝 MD06ACA800V,容量 8TB | 3.5インチ | 7200 rpm | Serial ATA600,-
ロジテック LHD-WD20EFAX,容量 2TB | 3.5インチ | Serial ATA600 | 2020-04-20発売,-
ロジテック LHD-WD120EFAX,容量 12TB | 3.5インチ | Serial ATA600 | 2020-04-20発売,-
Western Digital WD10JPLX,容量 1TB | 2.5インチ | 7200 rpm | Serial ATA600,10258
Seagate ST3000LM016,容量 3TB | 2.5インチ | 5400 rpm | Serial ATA600,-
東芝 MN06ACA800,容量 8TB | 3.5インチ | 7200 rpm | Serial ATA600,18800
Western Digital WD80PUZX,容量 8TB | 3.5インチ | 5400 rpm | Serial ATA600,-
Seagate ST8000NE0001,容量 8TB | 3.5インチ | 7200 rpm | Serial ATA600,-
ロジテック LHD-NA10SAKWR,容量 1TB | 2.5インチ | 5400 rpm | Serial ATA600 | 2016-02-12発売,-
ロジテック LHD-WD3001FFSX,容量 3TB | 3.5インチ | 2017-06-22発売,-
Seagate ST1000DX002,容量 1TB | 3.5インチ | 7200 rpm | Serial ATA600 | 2016-09-01発売,-
Seagate ST2000NX0253,容量 2TB | 2.5インチ | 7200 rpm | Serial ATA600,40736
ロジテック LHD-WD80EFZX,容量 8TB | 3.5インチ | 2017-06-22発売,-
ロジテック LHD-WD50EFRX,容量 5TB | 3.5インチ | 2017-06-22発売,-
Western Digital WD2500LPVX,容量 250GB | 2.5インチ | 5400 rpm | Serial ATA600,-
ロジテック LHD-WD2001FFSX,容量 2TB | 3.5インチ | 2017-06-22発売,-
Seagate ST1000LX001,容量 1TB | 2.5インチ | 5400 rpm | Serial ATA600,-
ロジテック LHD-WD10EZRZ,容量 1TB | 3.5インチ | 2017-06-22発売,-
Western Digital WD2500LPLX,容量 250GB | 2.5インチ | 7200 rpm | Serial ATA600,7280
Western Digital WD4004FZWX,容量 4TB | 3.5インチ | 7200 rpm | Serial ATA600 | 2016-07-01発売,-
Seagate ST4000LM016,容量 4TB | 2.5インチ | 5400 rpm | Serial ATA600,-
Western Digital WD05PURZ,容量 500GB | 3.5インチ | 5400 rpm | Serial ATA600,-
東芝 MG05ACA800E,容量 8TB | 3.5インチ | 7200 rpm | Serial ATA600 | 2017-04-06発売,-
Western Digital WD15NPVZ,容量 1.5TB | 2.5インチ | 5400 rpm | Serial ATA600,-
Seagate ST5000DM002,容量 5TB | 3.5インチ | Serial ATA600,-
Lenovo 4XB0R48453,容量 1TB | 2.5インチ | 7200 rpm | Serial ATA600 | 2018-08-21発売,15903
Western Digital WD6NPURX,容量 6TB | 3.5インチ | Serial ATA600,-
ロジテック LHD-NA10SAKWSB,容量 1TB | 2.5インチ | 5400 rpm | Serial ATA600 | 2016-02-12発売,-
東芝 MD04ACA50D,容量 5TB | 3.5インチ | 7200 rpm | Serial ATA600,-
東芝 MN05ACA600/JP2 2台セット,容量 6TB | 3.5インチ | 7200 rpm | Serial ATA600,30500
東芝 MD03ACA400V,容量 4TB | 3.5インチ | 7200 rpm | Serial ATA600,-
Seagate ST10000VX0004,容量 10TB | 3.5インチ | 7200 rpm | Serial ATA600 | 2016-08-26発売,-
Seagate ST6000VN0041,容量 6TB | 3.5インチ | 7200 rpm | Serial ATA600,-
東芝 MD03ACA300V,容量 3TB | 3.5インチ | 7200 rpm | Serial ATA600,-
Western Digital WD102KRYZ,容量 10TB | 3.5インチ | 7200 rpm | Serial ATA600,39229
Western Digital WD140PURZ,容量 14TB | 3.5インチ | 7200 rpm | Serial ATA600,54780
Seagate ST1000VN000,容量 1TB | 3.5インチ | Serial ATA600,-
ロジテック LHD-WD40EFAX,容量 4TB | 3.5インチ | Serial ATA600 | 2020-04-16発売,-
Seagate ST10000NM0016,容量 10TB | 3.5インチ | 7200 rpm | Serial ATA600 | 2016-04-08発売,67800
ロジテック LHD-WD20NPVZ,容量 2TB | 2.5インチ | Serial ATA600 | 2017-06-22発売,-
Seagate ST4000NM002A,容量 4TB | 3.5インチ | 7200 rpm | Serial ATA600,20243
ロジテック LHD-WD30NPRZ,容量 3TB | 2.5インチ | Serial ATA600 | 2017-06-22発売,-
Seagate ST750LM000,容量 750GB | 2.5インチ | 5400 rpm | Serial ATA600,-
Western Digital WD3200LPLX,容量 320GB | 2.5インチ | 7200 rpm | Serial ATA600,5261
Western Digital WD3200LPCX,容量 320GB | 2.5インチ | 5400 rpm | Serial ATA600,5854
ロジテック LHD-WD60EFAX,容量 6TB | 3.5インチ | Serial ATA600 | 2020-04-20発売,-
Seagate ST3000NM0005,容量 3TB | 3.5インチ | 7200 rpm | Serial ATA600,23759
Seagate ST14000VN0008,容量 14TB | 3.5インチ | 7200 rpm | Serial ATA600,56979
Western Digital WD60EFZX,容量 6TB | 3.5インチ | 5640 rpm | Serial ATA600,-
Seagate ST12000VN0007,容量 12TB | 3.5インチ | 7200 rpm | Serial ATA600 | 2017-10-07発売,-
HGST HUS726020ALA610,容量 2TB | 3.5インチ | 7200 rpm | Serial ATA600,-
Western Digital WD101PURZ,容量 10TB | 3.5インチ | 7200 rpm | Serial ATA600 | 2018-07-01発売,39480
Western Digital WD6002FFWX,容量 6TB | 3.5インチ | 7200 rpm | Serial ATA600 | 2016-04-22発売,-
Seagate ST2000NM0125,容量 2TB | 3.5インチ | 7200 rpm | Serial ATA600,-
Western Digital WD100PURZ,容量 10TB | 3.5インチ | 5400 rpm | Serial ATA600 | 2017-05-01発売,-
Seagate ST2000DX002,容量 2TB | 3.5インチ | 7200 rpm | Serial ATA600 | 2016-09-01発売,-
Seagate ST2000NM000A,容量 2TB | 3.5インチ | 7200 rpm | Serial ATA600,20156
Western Digital WD2500LPCX,容量 250GB | 2.5インチ | 5400 rpm | Serial ATA600,-
Western Digital WD30NPRZ,容量 3TB | 2.5インチ | 5400 rpm | Serial ATA600,-
Seagate ST4000NE0025,容量 4TB | 3.5インチ | 7200 rpm | Serial ATA600,24980
Seagate ST8000VN0002,容量 8TB | 3.5インチ | Serial ATA600 | 2016-03-03発売,-
HGST 0S04012,容量 8TB | 3.5インチ | 7200 rpm | Serial ATA600 | 2017-01-20発売,-
Seagate ST6000VN0033,容量 6TB | 3.5インチ | 7200 rpm | Serial ATA600,-
Seagate ST500LX025,容量 500GB | 2.5インチ | 5400 rpm | Serial ATA600,4549
ロジテック LHD-WD80EFAX,容量 8TB | 3.5インチ | 2018-12-01発売,-
Western Digital WD4002FYYZ,容量 4TB | 3.5インチ | 7200 rpm | Serial ATA600 | 2016-05-13発売,27665
Western Digital WD50PURX,容量 5TB | 3.5インチ | Serial ATA600,-
Seagate ST12000NE0007,容量 12TB | 3.5インチ | 7200 rpm | Serial ATA600 | 2017-10-07発売,63031
東芝 MD05ACA600,容量 6TB | 3.5インチ | 7200 rpm | Serial ATA600,-
Seagate ST1000NM0008,容量 1TB | 3.5インチ | 7200 rpm | Serial ATA600,10500
Western Digital WD6001F9YZ,容量 6TB | 3.5インチ | 7200 rpm | Serial ATA600,-
Seagate ST5000LM000,容量 5TB | 2.5インチ | 5400 rpm | Serial ATA600,16980
Seagate ST2000NX0403,容量 2TB | 2.5インチ | 7200 rpm | Serial ATA600,35578
Western Digital WD1004FBYZ,容量 1TB | 3.5インチ | 7200 rpm | Serial ATA600,-
Seagate ST2000VX005,容量 2TB | 3.5インチ | 5900 rpm | Serial ATA600,-
Seagate ST1000NX0313,容量 1TB | 2.5インチ | 7200 rpm | Serial ATA600,-
Seagate ST1000LX015,容量 1TB | 2.5インチ | 5400 rpm | Serial ATA600 | 2016-10-01発売,9468
Seagate ST2000LX001,容量 2TB | 2.5インチ | 5400 rpm | Serial ATA600 | 2016-10-01発売,-
Western Digital WD101KFBX,容量 10TB | 3.5インチ | 7200 rpm | Serial ATA600 | 2017-06-01発売,54175
Seagate ST1000LM035,容量 1TB | 2.5インチ | 5400 rpm | Serial ATA600 | 2016-03-24発売,4974
Western Digital WD81PURZ,容量 8TB | 3.5インチ | 5400 rpm | Serial ATA600 | 2018-07-01発売,44199
Seagate ST6000DM004,容量 6TB | 3.5インチ | 7200 rpm | Serial ATA600,28666
Seagate ST6000NM021A,容量 6TB | 3.5インチ | 7200 rpm | Serial ATA600,31800
Seagate ST6000NM0115,容量 6TB | 3.5インチ | 7200 rpm | Serial ATA600 | 2018-04-24発売,-
ロジテック LHD-WD30EURX,容量 3TB | 3.5インチ | 2017-06-22発売,-
Seagate ST8000DM002,容量 8TB | 3.5インチ | Serial ATA600,-
Western Digital WD101KRYZ,容量 10TB | 3.5インチ | 7200 rpm | Serial ATA600 | 2016-08-26発売,56238
HGST HUS726040ALA610,容量 4TB | 3.5インチ | 7200 rpm | Serial ATA600,-
Western Digital WD6002FRYZ,容量 6TB | 3.5インチ | 7200 rpm | Serial ATA600 | 2016-05-13発売,39092
Seagate ST4000NM000A,容量 4TB | 3.5インチ | 7200 rpm | Serial ATA600,19219
ロジテック LHD-WD6002FRYZ,容量 6TB | 3.5インチ | 2017-06-22発売,-
Seagate ST1000NM0055,容量 1TB | 3.5インチ | 7200 rpm | Serial ATA600,-
HGST 0S04005,容量 4TB | 3.5インチ | 7200 rpm | Serial ATA600 | 2017-02-10発売,-
Western Digital WD80EFZX,容量 8TB | 3.5インチ | 5400 rpm | Serial ATA600 | 2016-03-01発売,-
Seagate ST8000DM0004,容量 8TB | 3.5インチ | 7200 rpm | Serial ATA600,-
HGST HUS726020ALE610,容量 2TB | 3.5インチ | 7200 rpm | Serial ATA600,-
Seagate ST8000VX0002,容量 8TB | 3.5インチ | Serial ATA600 | 2016-03-03発売,-
Western Digital WD2004FBYZ,容量 2TB | 3.5インチ | 7200 rpm | Serial ATA600,18329
Seagate ST8000VN0022,容量 8TB | 3.5インチ | 7200 rpm | Serial ATA600,26949
ロジテック LHD-WD4002FYYZ,容量 4TB | 3.5インチ | 2017-06-22発売,-
東芝 MN06ACA10T/JP2 2台セット,容量 10TB | 3.5インチ | 7200 rpm | Serial ATA600,47800
Western Digital WD8002FRYZ,容量 8TB | 3.5インチ | 7200 rpm | Serial ATA600 | 2016-05-13発売,-
Western Digital WD80PURZ,容量 8TB | 3.5インチ | 5400 rpm | Serial ATA600 | 2017-05-01発売,-
Western Digital WD4002FFWX,容量 4TB | 3.5インチ | 7200 rpm | Serial ATA600 | 2016-04-22発売,-
Seagate ST2000LM007,容量 2TB | 2.5インチ | 5400 rpm | Serial ATA600 | 2016-03-30発売,9099
Western Digital WD100EFAX,容量 10TB | 3.5インチ | 5400 rpm | Serial ATA600 | 2017-06-01発売,37971
Seagate ST10000NM0478,容量 10TB | 3.5インチ | 7200 rpm | Serial ATA600,49745
Western Digital WD121PURZ,容量 12TB | 3.5インチ | 7200 rpm | Serial ATA600 | 2018-07-01発売,49200
Western Digital WUS721010ALE6L4,容量 10TB | 3.5インチ | 7200 rpm | Serial ATA600,40561
Seagate ST8000NE0021,容量 8TB | 3.5インチ | 7200 rpm | Serial ATA600,48928
ロジテック LHD-WD50EZRZ,容量 5TB | 3.5インチ | 2017-06-22発売,-
Western Digital WD8001FFWX,容量 8TB | 3.5インチ | 7200 rpm | Serial ATA600 | 2016-08-19発売,-
Seagate ST16000VN001,容量 16TB | 3.5インチ | 7200 rpm | Serial ATA600 | 2019-07-25発売,67979
Seagate ST2000NM0055,容量 2TB | 3.5インチ | 7200 rpm | Serial ATA600,16980
IODATA HDI-S2.0A7B,容量 2TB | 3.5インチ | 7200 rpm | Serial ATA600 | 2017-11-01発売,14210
Seagate ST2000DM006,容量 2TB | 3.5インチ | 7200 rpm | Serial ATA600 | 2016-08-01発売,6527
HGST HDS5C1050CLA382,容量 500GB | 3.5インチ | 5700 rpm | Serial ATA300,-
ロジテック LHD-WD60EZRZ,容量 6TB | 3.5インチ | 2017-06-22発売,-
ロジテック LHD-WD100EFAX,容量 10TB | 3.5インチ | 2018-12-01発売,-
東芝 MD05ACA800,容量 8TB | 3.5インチ | 7200 rpm | Serial ATA600,38800
Seagate ST2000NM001A,容量 2TB | 3.5インチ | 7200 rpm | Serial ATA600,20433
Seagate ST3000VX010,容量 3TB | 3.5インチ | Serial ATA600,12454
Seagate ST10000NM001G,容量 10TB | 3.5インチ | 7200 rpm | Serial ATA600,41923
Western Digital WUH721414ALE6L4,容量 14TB | 3.5インチ | 7200 rpm | Serial ATA600 | 2019-01-01発売,64980
Western Digital WD50EZRZ,容量 5TB | 3.5インチ | 5400 rpm | Serial ATA600,-
Seagate ST12000NM001G,容量 12TB | 3.5インチ | 7200 rpm | Serial ATA600,59345
Western Digital WD6001FSYZ,容量 6TB | 3.5インチ | 7200 rpm | Serial ATA600,-
HGST HUS726040ALE610,容量 4TB | 3.5インチ | 7200 rpm | Serial ATA600,-
Seagate ST2000NE0025,容量 2TB | 3.5インチ | 7200 rpm | Serial ATA600,14189
ロジテック LHD-DA80SAKWR,容量 8TB | 3.5インチ | 5400 rpm | Serial ATA600 | 2016-05-13発売,-
東芝 MD03ACA200V,容量 2TB | 3.5インチ | 7200 rpm | Serial ATA600,-
ロジテック LHD-WD140EFFX,容量 14TB | 3.5インチ | Serial ATA600 | 2020-04-16発売,-
Seagate ST12000NM0008,容量 12TB | 3.5インチ | 7200 rpm | Serial ATA600,46561
東芝 MQ03ABB200,容量 2TB | 2.5インチ | 5400 rpm | Serial ATA600,6578
Seagate ST4000NM0035,容量 4TB | 3.5インチ | 7200 rpm | Serial ATA600 | 2018-04-24発売,23980
Seagate ST6000NE0023,容量 6TB | 3.5インチ | 7200 rpm | Serial ATA600,-
ロジテック LHD-WD8002FRYZ,容量 8TB | 3.5インチ | 2017-06-22発売,-
HGST 0S04007,容量 6TB | 3.5インチ | 7200 rpm | Serial ATA600 | 2017-02-10発売,98978
ロジテック LHD-WD10JPVX,容量 1TB | 2.5インチ | Serial ATA600 | 2017-06-22発売,-
Seagate ST14000NM001G,容量 14TB | 3.5インチ | 7200 rpm | Serial ATA600,55712
Western Digital HUH721212ALE604,容量 12TB | 3.5インチ | 7200 rpm | Serial ATA600,56635
Western Digital WD6003FRYZ,容量 6TB | 3.5インチ | 7200 rpm | Serial ATA600,27980
東芝 MG05ACA800A,容量 8TB | 3.5インチ | 7200 rpm | Serial ATA600 | 2017-04-06発売,-
Seagate ST12000NM0007,容量 12TB | 3.5インチ | 7200 rpm | Serial ATA600 | 2017-09-16発売,61137
Seagate ST6000DM001,容量 6TB | 3.5インチ | Serial ATA600,-
Western Digital WD5001F9YZ,容量 5TB | 3.5インチ | 7200 rpm | Serial ATA600,-
Seagate ST3000DM008,容量 3TB | 3.5インチ | 7200 rpm | Serial ATA600 | 2016-08-01発売,-
Seagate ST8000DM005,容量 8TB | 3.5インチ | 7200 rpm | Serial ATA600,-
Seagate ST10000NM0086,容量 10TB | 3.5インチ | 7200 rpm | Serial ATA600 | 2018-04-24発売,42000
Seagate ST8000VX0022,容量 8TB | 3.5インチ | Serial ATA600,40678
Seagate ST6000NE0021,容量 6TB | 3.5インチ | 7200 rpm | Serial ATA600,36718
Seagate ST6000NM002A,容量 6TB | 3.5インチ | 7200 rpm | Serial ATA600,26884
