ASRock B460M Pro4,INTEL B460 | MicroATX | LGA 1200 | USB Type-C,9878
MSI MPG B550 GAMING PLUS,AMD B550 | ATX | Socket AM4 | USB Type-C | 2020-07-10発売,13048
ASRock H470M Pro4,INTEL H470 | MicroATX | LGA 1200 | USB Type-C,11528
ASUS TUF B450M-PRO GAMING,AMD B450 | MicroATX | Socket AM4 | USB Type-C | 2019-03-22発売,7678
MSI MEG X570 UNIFY,AMD X570 | ATX | Socket AM4 | USB Type-C | Wi-Fi 6 | 2019-11-15発売,31418
ASRock H470 Phantom Gaming 4,INTEL H470 | ATX | LGA 1200 | USB Type-C,11918
ASUS ROG Crosshair VIII Dark Hero,AMD X570 | ATX | Socket AM4 | USB Type-C | Wi-Fi 6 | 2020-12-18発売,48993
MSI Z490-A PRO,INTEL Z490 | ATX | LGA 1200 | USB Type-C,17154
ASRock H410M-HDV/M.2,INTEL H410 | MicroATX | LGA 1200,7980
MSI MEG B550 UNIFY,AMD B550 | ATX | Socket AM4 | USB Type-C | Wi-Fi 6 | 2020-12-11発売,28871
ASRock H470 Steel Legend,INTEL H470 | ATX | LGA 1200 | USB Type-C,13970
ASUS TUF GAMING B550-PLUS,AMD B550 | ATX | Socket AM4 | USB Type-C | 2020-06-20発売,16478
ASUS ROG STRIX Z490-F GAMING,INTEL Z490 | ATX | LGA 1200 | USB Type-C | 2020-05-20発売,24800
ASUS PRIME B460I-PLUS/CSM,INTEL B460 | Mini ITX | LGA 1200 | 2020-09-18発売,12480
ギガバイト B550I AORUS PRO AX,AMD B550 | Mini ITX | Socket AM4 | USB Type-C | Wi-Fi 6 | 2020-06-20発売,18418
MSI MAG B460M MORTAR WIFI,INTEL B460 | MicroATX | LGA 1200 | USB Type-C | Wi-Fi 6 | 2020-06-19発売,14609
ASUS PRIME Z490-P,INTEL Z490 | ATX | LGA 1200 | 2020-05-20発売,16980
ASRock B550 Steel Legend,AMD B550 | ATX | Socket AM4 | USB Type-C | 2020-06-20発売,18678
ASUS ROG STRIX X570-E GAMING,AMD X570 | ATX | Socket AM4 | USB Type-C | Wi-Fi 6 | 2019-07-07発売,36577
MSI MPG Z590 GAMING CARBON WIFI,INTEL Z590 | ATX | LGA 1200 | USB Type-C | Wi-Fi 6 | 2021-02-12発売,34980
ASRock B460M-HDV,INTEL B460 | MicroATX | LGA 1200,8518
ASUS TUF B450-PLUS GAMING,AMD B450 | ATX | Socket AM4 | USB Type-C | 2018-07-31発売,8480
ギガバイト B550 VISION D-P,AMD B550 | ATX | Socket AM4 | USB Type-C | Thunderbolt 3 | Wi-Fi 6 | 2021-02-12発売,32450
MSI B450-A PRO MAX,AMD B450 | ATX | Socket AM4 | 2019-10-04発売,6980
MSI MPG B550I GAMING EDGE WIFI,AMD B550 | Mini ITX | Socket AM4 | USB Type-C | Wi-Fi 6 | 2020-07-10発売,18678
ASUS PRIME B460M-A,INTEL B460 | MicroATX | LGA 1200 | 2020-07-03発売,10355
ASRock A320M-HDV R4.0,AMD A320 | MicroATX | Socket AM4 | 2018-12-01発売,5718
ASUS ROG STRIX B550-I GAMING,AMD B550 | Mini ITX | Socket AM4 | USB Type-C | Wi-Fi 6 | 2020-06-01発売,22500
ASUS TUF GAMING X570-PLUS,AMD X570 | ATX | Socket AM4 | USB Type-C | 2019-07-12発売,19421
ASRock B450 Steel Legend,AMD B450 | ATX | Socket AM4 | USB Type-C | 2019-02-22発売,10773
MSI MAG B550 TOMAHAWK,AMD B550 | ATX | Socket AM4 | USB Type-C | 2020-06-20発売,16410
ASUS ROG CROSSHAIR VIII FORMULA,AMD X570 | ATX | Socket AM4 | USB Type-C | Wi-Fi 6 | 2019-07-07発売,59800
MSI H410M-A PRO,INTEL H410 | MicroATX | LGA 1200 | 2020-07-10発売,7704
ASUS ROG STRIX X570-F GAMING,AMD X570 | ATX | Socket AM4 | USB Type-C | 2019-07-07発売,28400
ASUS B250 MINING EXPERT,INTEL B250 | ATX | LGA 1151 | 2017-12-08発売,18150
MSI MEG Z490I UNIFY,INTEL Z490 | Mini ITX | LGA 1200 | USB Type-C | Thunderbolt 3 | Wi-Fi 6 | 2020-05-20発売,27800
ASUS ROG STRIX B550-F GAMING (WI-FI),AMD B550 | ATX | Socket AM4 | USB Type-C | Wi-Fi 6 | 2020-06-20発売,23379
MSI A520M-A PRO,AMD A520 | MicroATX | Socket AM4 | 2020-09-05発売,6045
MSI MPG X570 GAMING PLUS,AMD X570 | ATX | Socket AM4 | USB Type-C | 2019-07-07発売,20550
MSI B460M PRO,INTEL B460 | MicroATX | LGA 1200 | 2020-06-26発売,8427
ギガバイト B450 I AORUS PRO WIFI,AMD B450 | Mini ITX | Socket AM4 | 2018-08-25発売,12900
MSI MAG B550M MORTAR WIFI,AMD B550 | MicroATX | Socket AM4 | USB Type-C | Wi-Fi 6 | 2020-06-30発売,17519
MSI B460M PRO-VDH WIFI,INTEL B460 | MicroATX | LGA 1200 | 2020-06-19発売,10945
ASRock Fatal1ty B450 Gaming-ITX/ac,AMD B450 | Mini ITX | Socket AM4 | USB Type-C | 2018-07-31発売,11450
MSI MPG Z490 GAMING PLUS,INTEL Z490 | ATX | LGA 1200 | USB Type-C,19228
MSI H310M PRO-VDH PLUS,INTEL H310 | MicroATX | LGA 1151 | 2019-04-05発売,5564
ASRock B550M Steel Legend,AMD B550 | MicroATX | Socket AM4 | USB Type-C | 2020-06-20発売,15980
ASUS TUF GAMING Z490-PLUS,INTEL Z490 | ATX | LGA 1200 | USB Type-C | 2020-05-20発売,21980
ASUS TUF GAMING B460M-PLUS,INTEL B460 | MicroATX | LGA 1200 | 2020-06-26発売,10480
ASUS PRIME H410I-PLUS/CSM,INTEL H410 | Mini ITX | LGA 1200 | 2020-09-18発売,10480
ASUS ROG STRIX Z490-G GAMING,INTEL Z490 | MicroATX | LGA 1200 | USB Type-C | 2020-05-20発売,22980
ASRock Z490 Steel Legend,INTEL Z490 | ATX | LGA 1200 | USB Type-C | 2020-05-20発売,19564
ASRock X570 PG Velocita,AMD X570 | ATX | Socket AM4 | USB Type-C | Wi-Fi 6 | 2020-11-20発売,33979
ASRock B460M Steel Legend,INTEL B460 | MicroATX | LGA 1200 | USB Type-C,12680
ASUS TUF GAMING B550M-PLUS,AMD B550 | MicroATX | Socket AM4 | USB Type-C | 2020-06-20発売,15378
ASRock H310CM-HDV/M.2,INTEL H310 | MicroATX | LGA 1151 | 2018-08-01発売,6380
ASRock X570 Taichi Razer Edition,AMD X570 | ATX | Socket AM4 | USB Type-C | Wi-Fi 6 | 2020-12-11発売,45703
MSI B460M-A PRO,INTEL B460 | MicroATX | LGA 1200 | 2020-06-19発売,7944
Biostar H410MHG,INTEL H410 | MicroATX | LGA 1200 | 2020-06-24発売,7980
ASUS PRIME H470-PLUS,INTEL H470 | ATX | LGA 1200 | USB Type-C | 2020-05-27発売,14480
ASUS ROG STRIX B550-A GAMING,AMD B550 | ATX | Socket AM4 | USB Type-C,19779
ASUS ROG CROSSHAIR VIII HERO (WI-FI),AMD X570 | ATX | Socket AM4 | USB Type-C | Wi-Fi 6 | 2019-07-07発売,46900
MSI MEG X570 ACE,AMD X570 | ATX | Socket AM4 | USB Type-C | Wi-Fi 6 | 2019-07-07発売,43982
ASUS TUF GAMING B460-PLUS,INTEL B460 | ATX | LGA 1200 | 2020-07-03発売,13343
ASRock Z490M Pro4,INTEL Z490 | MicroATX | LGA 1200 | USB Type-C | 2020-05-20発売,17427
ギガバイト B550M AORUS PRO-P,AMD B550 | MicroATX | Socket AM4 | USB Type-C | 2021-01-22発売,16499
ASRock Z390 Pro4,INTEL Z390 | ATX | LGA 1151 | USB Type-C | 2018-10-09発売,10098
Biostar H61MHV2,INTEL H61 | MicroATX | LGA 1155 | 2020-04-24発売,6380
ASUS PRIME X299-A II,INTEL X299 | ATX | LGA 2066 | USB Type-C | 2019-11-01発売,39107
ASUS PRIME H470M-PLUS,INTEL H470 | MicroATX | LGA 1200 | USB Type-C | 2020-05-27発売,14421
ASRock B450M Steel Legend,AMD B450 | MicroATX | Socket AM4 | USB Type-C | 2019-03-01発売,9370
ASRock B450M Pro4,AMD B450 | MicroATX | Socket AM4 | USB Type-C | 2018-07-31発売,7260
ASUS PRO H410M-C/CSM,INTEL H410 | MicroATX | LGA 1200 | 2020-09-18発売,8470
MSI MAG B550M MORTAR,AMD B550 | MicroATX | Socket AM4 | USB Type-C | 2020-06-20発売,15640
ASUS PRIME B450M-A,AMD B450 | MicroATX | Socket AM4 | 2018-07-31発売,6980
ASUS PRIME H410M-A,INTEL H410 | MicroATX | LGA 1200 | 2020-05-27発売,8750
ASUS PRIME B365-PLUS,INTEL B365 | ATX | LGA 1151 | 2019-05-17発売,10582
ASUS PRO B460M-C/CSM,INTEL B460 | MicroATX | LGA 1200 | 2020-09-18発売,11660
ASUS ROG STRIX B550-F GAMING,AMD B550 | ATX | Socket AM4 | USB Type-C | 2020-06-20発売,21384
ASRock H410M-ITX/ac,INTEL H410 | Mini ITX | LGA 1200,11200
ASUS ROG STRIX Z490-E GAMING,INTEL Z490 | ATX | LGA 1200 | USB Type-C | Wi-Fi 6 | 2020-05-20発売,32508
ASUS TUF GAMING Z490-PLUS (WI-FI),INTEL Z490 | ATX | LGA 1200 | USB Type-C | Wi-Fi 6 | 2020-05-20発売,24000
MSI MAG B460 TOMAHAWK,INTEL B460 | ATX | LGA 1200 | USB Type-C | 2020-06-19発売,14309
ASRock Z490M-ITX/ac,INTEL Z490 | Mini ITX | LGA 1200 | USB Type-C | 2020-05-20発売,19264
ASUS TUF GAMING H470-PRO,INTEL H470 | ATX | LGA 1200 | USB Type-C | 2020-05-27発売,15980
ASRock Z490 Phantom Gaming-ITX/TB3,INTEL Z490 | Mini ITX | LGA 1200 | USB Type-C | Thunderbolt 3 | Wi-Fi 6 | 2020-05-01発売,25114
MSI MAG B460M BAZOOKA,INTEL B460 | MicroATX | LGA 1200 | 2020-06-26発売,9873
MSI B450M MORTAR MAX,AMD B450 | MicroATX | Socket AM4 | USB Type-C,6980
MSI B450 TOMAHAWK MAX,AMD B450 | ATX | Socket AM4 | USB Type-C,7973
ギガバイト Z390 AORUS PRO,INTEL Z390 | ATX | LGA 1151 | USB Type-C | 2018-10-09発売,17755
Biostar A10N-8800E Ver. 6.1,Mini ITX | 2019-08-09発売,7700
ASRock B450 Pro4,AMD B450 | ATX | Socket AM4 | USB Type-C | 2018-07-31発売,8909
ASUS PRIME H410M-E,INTEL H410 | MicroATX | LGA 1200 | 2020-05-27発売,8470
ASUS ROG STRIX Z490-I GAMING,INTEL Z490 | Mini ITX | LGA 1200 | USB Type-C | Wi-Fi 6 | 2020-05-20発売,29800
MSI Z590-A PRO,INTEL Z590 | ATX | LGA 1200 | USB Type-C | 2021-02-12発売,24970
MSI MPG Z590 GAMING FORCE,INTEL Z590 | ATX | LGA 1200 | USB Type-C | 2021-02-12発売,33980
ASRock X570M Pro4,AMD X570 | MicroATX | Socket AM4 | USB Type-C | 2019-07-01発売,19791
MSI B450 GAMING PLUS MAX,AMD B450 | ATX | Socket AM4 | 2019-08-09発売,7980
ギガバイト B365M DS3H,INTEL B365 | MicroATX | LGA 1151 | 2019-06-14発売,7128
ASRock X570 Phantom Gaming 4,AMD X570 | ATX | Socket AM4 | 2019-07-07発売,16327
ASRock X570 Phantom Gaming 4,AMD X570 | ATX | Socket AM4 | 2019-07-07発売,16327
ギガバイト H470 AORUS PRO AX,INTEL H470 | ATX | LGA 1200 | USB Type-C | Wi-Fi 6,18980
MSI MAG Z490 TOMAHAWK,INTEL Z490 | ATX | LGA 1200 | USB Type-C,21400
ASRock A520M-ITX/ac,AMD A520 | Mini ITX | Socket AM4 | USB Type-C | 2020-08-01発売,10673
ASUS PRIME H310M-A R2.0,INTEL H310 | MicroATX | LGA 1151 | 2018-12-21発売,7082
ASRock Z490 Phantom Gaming 4/2.5G,INTEL Z490 | ATX | LGA 1200 | USB Type-C | 2020-05-20発売,16600
ASRock H370 Pro4,INTEL H370 | ATX | LGA 1151 | USB Type-C | 2018-04-03発売,10182
ギガバイト Z490M GAMING X,INTEL Z490 | MicroATX | LGA 1200 | USB Type-C,18678
ASUS ROG STRIX Z490-A GAMING,INTEL Z490 | ATX | LGA 1200 | USB Type-C | 2020-05-20発売,24800
ギガバイト H470 HD3,INTEL H470 | ATX | LGA 1200 | USB Type-C,14941
ASRock X570 Taichi,AMD X570 | ATX | Socket AM4 | USB Type-C | Wi-Fi 6 | 2019-07-07発売,38940
ギガバイト H470M DS3H,INTEL H470 | MicroATX | LGA 1200 | USB Type-C,12600
ギガバイト B460M DS3H,INTEL B460 | MicroATX | LGA 1200,8209
ギガバイト X570 AORUS PRO,AMD X570 | ATX | Socket AM4 | USB Type-C | 2020-07-01発売,28800
ASRock J5040-ITX,Mini ITX | 2020-11-20発売,16954
ギガバイト Z590 AORUS MASTER,INTEL Z590 | ATX | LGA 1200 | USB Type-C | Wi-Fi 6 | 2021-02-12発売,57200
Biostar B550GTA,AMD B550 | ATX | Socket AM4 | USB Type-C | 2020-07-23発売,17980
ギガバイト H410M S2H,INTEL H410 | MicroATX | LGA 1200,7480
MSI MPG B550 GAMING CARBON WIFI,AMD B550 | ATX | Socket AM4 | USB Type-C | Wi-Fi 6 | 2020-07-10発売,25252
MSI MPG Z490M GAMING EDGE WIFI,INTEL Z490 | MicroATX | LGA 1200 | USB Type-C | Wi-Fi 6,20391
ギガバイト B450 AORUS PRO WIFI,AMD B450 | ATX | Socket AM4 | USB Type-C | 2018-07-31発売,12900
ASUS TUF GAMING B550M-PLUS (WI-FI),AMD B550 | MicroATX | Socket AM4 | USB Type-C | Wi-Fi 6 | 2020-06-20発売,18591
ASUS PRIME Z490M-PLUS,INTEL Z490 | MicroATX | LGA 1200 | USB Type-C | 2020-05-20発売,16980
ASRock B550M Pro4,AMD B550 | MicroATX | Socket AM4 | USB Type-C | 2020-06-20発売,11232
ASRock B550 Phantom Gaming 4,AMD B550 | ATX | Socket AM4 | 2020-06-20発売,12318
ASUS TUF B450-PRO GAMING,AMD B450 | ATX | Socket AM4 | USB Type-C | 2019-05-10発売,8980
ギガバイト B550 AORUS PRO AX,AMD B550 | ATX | Socket AM4 | USB Type-C | Wi-Fi 6 | 2020-12-11発売,23877
MSI MAG A520M VECTOR WIFI,AMD A520 | MicroATX | Socket AM4 | 2020-09-18発売,8980
ASRock B550 Phantom Gaming-ITX/ax,AMD B550 | Mini ITX | Socket AM4 | USB Type-C | Wi-Fi 6 | 2020-06-27発売,21019
ギガバイト B560M AORUS PRO AX,INTEL B560 | MicroATX | LGA 1200 | USB Type-C | Wi-Fi 6 | 2021-02-19発売,21449
ASRock Z490 AQUA,INTEL Z490 | Extended | LGA 1200 | USB Type-C | Thunderbolt 3 | Wi-Fi 6,68000
ASUS TUF B450M-PLUS GAMING,AMD B450 | MicroATX | Socket AM4 | USB Type-C | 2018-07-31発売,7280
ギガバイト X570 AORUS XTREME,AMD X570 | Extended | Socket AM4 | USB Type-C | Wi-Fi 6 | 2019-07-12発売,88624
ASUS ProArt Z490-CREATOR 10G,INTEL Z490 | ATX | LGA 1200 | USB Type-C | Thunderbolt 3 | 2020-06-01発売,34851
ASUS H110M-K,INTEL H110 | MicroATX | LGA 1151,8250
ASRock B550M-ITX/ac,AMD B550 | Mini ITX | Socket AM4 | USB Type-C,16146
MSI B450M-A PRO MAX,AMD B450 | MicroATX | Socket AM4,6949
ASRock A320M-ITX,AMD A320 | Mini ITX | Socket AM4 | USB Type-C | 2018-05-18発売,10082
ASRock Z490 Extreme4,INTEL Z490 | ATX | LGA 1200 | USB Type-C | 2020-05-20発売,20878
MSI B550M PRO-VDH WIFI,AMD B550 | MicroATX | Socket AM4 | 2020-07-10発売,12218
ASRock A520M-HDV,AMD A520 | MicroATX | Socket AM4 | 2020-08-01発売,6518
Biostar A68N-2100K,Mini ITX | 2020-07-10発売,6480
ASUS PRIME B550M-A (WI-FI),AMD B550 | MicroATX | Socket AM4 | Wi-Fi 6 | 2020-06-20発売,13270
MSI B550-A PRO,AMD B550 | ATX | Socket AM4 | USB Type-C | 2020-07-10発売,12500
ASRock H470M-ITX/ac,INTEL H470 | Mini ITX | LGA 1200 | USB Type-C,15909
ギガバイト Z590 UD AC,INTEL Z590 | ATX | LGA 1200 | 2021-02-12発売,24200
ASUS ROG Zenith II Extreme Alpha,AMD TRX40 | Extended | Socket sTRX4 | USB Type-C | Wi-Fi 6 | 2020-03-27発売,83230
MSI A520M PRO-C DASH,AMD A520 | MicroATX | Socket AM4 | 2020-10-01発売,7980
ギガバイト Z490 AORUS ELITE,INTEL Z490 | ATX | LGA 1200,20680
NZXT N7 Z490 N7-Z49XT-W1,INTEL Z490 | ATX | LGA 1200 | USB Type-C | Wi-Fi 6 | 2021-01-08発売,35420
ASRock B550M-HDV,AMD B550 | MicroATX | Socket AM4,9491
ASUS ROG STRIX B460-F GAMING,INTEL B460 | ATX | LGA 1200 | USB Type-C | 2020-06-12発売,17979
ASRock A520M Pro4,AMD A520 | MicroATX | Socket AM4 | USB Type-C | 2020-08-01発売,8250
ギガバイト X570 AORUS XTREME,AMD X570 | Extended | Socket AM4 | USB Type-C | Wi-Fi 6 | 2020-09-01発売,94880
Colorful H310M-E V20,INTEL H310 | MicroATX | LGA 1151,6080
ASUS ROG Rampage VI Extreme Encore,INTEL X299 | Extended | LGA 2066 | USB Type-C | Wi-Fi 6 | 2019-11-01発売,81500
ASUS PRIME A520M-E,AMD A520 | MicroATX | Socket AM4 | 2020-08-22発売,6980
ASUS Pro WS X299 SAGE II,INTEL X299 | CEB | LGA 2066 | USB Type-C | 2020-08-28発売,84800
ASRock B360M-ITX/ac,INTEL B360 | Mini ITX | LGA 1151 | 2018-04-26発売,9980
ASRock X570 Steel Legend,AMD X570 | ATX | Socket AM4 | USB Type-C | 2019-07-07発売,23694
ASUS Pro WS X299 SAGE II,INTEL X299 | CEB | LGA 2066 | USB Type-C | 2020-08-28発売,84800
ギガバイト Z590 VISION G,INTEL Z590 | ATX | LGA 1200 | USB Type-C | 2021-02-19発売,32449
ギガバイト Z490I AORUS ULTRA,INTEL Z490 | Mini ITX | LGA 1200 | USB Type-C | Wi-Fi 6,26300
ASRock B550 Taichi,AMD B550 | ATX | Socket AM4 | USB Type-C | Wi-Fi 6,35051
MSI MPG B550 GAMING EDGE WIFI,AMD B550 | ATX | Socket AM4 | USB Type-C | Wi-Fi 6 | 2020-06-20発売,20664
ASUS ROG STRIX Z590-F GAMING WIFI,INTEL Z590 | ATX | LGA 1200 | USB Type-C | Wi-Fi 6 | 2021-02-19発売,39979
MSI B450M PRO-M2 MAX,AMD B450 | MicroATX | Socket AM4 | 2019-08-30発売,6780
ギガバイト B550 AORUS MASTER,AMD B550 | ATX | Socket AM4 | USB Type-C | Wi-Fi 6 | 2020-06-20発売,36608
ASRock X570 Pro4,AMD X570 | ATX | Socket AM4 | USB Type-C | 2019-07-01発売,17818
Biostar B460GTA,INTEL B460 | ATX | LGA 1200 | 2020-05-27発売,12280
ASUS PRIME X570-PRO/CSM,AMD X570 | ATX | Socket AM4 | USB Type-C | 2019-07-07発売,28800
ASUS PRIME A320I-K,AMD A320 | Mini ITX | Socket AM4 | 2019-08-09発売,10279
MSI MEG Z490 UNIFY,INTEL Z490 | ATX | LGA 1200 | USB Type-C | Wi-Fi 6 | 2020-05-20発売,34648
ASRock B365 Pro4,INTEL B365 | ATX | LGA 1151 | USB Type-C | 2019-09-14発売,9579
MSI H410M PRO,INTEL H410 | MicroATX | LGA 1200 | 2020-07-10発売,8952
ASUS ROG STRIX B550-E GAMING,AMD B550 | ATX | Socket AM4 | USB Type-C | Wi-Fi 6 | 2020-06-20発売,29925
Biostar B550M-SILVER,AMD B550 | MicroATX | Socket AM4 | USB Type-C | 2021-02-05発売,15864
Biostar X570GTA,AMD X570 | ATX | Socket AM4 | 2019-12-12発売,12980
ギガバイト A520I AC,AMD A520 | Mini ITX | Socket AM4 | 2020-10-01発売,13280
Supermicro C9Z490-PG,INTEL Z490 | ATX | LGA 1200 | USB Type-C | 2020-07-10発売,51919
ASUS PRIME B550M-A,AMD B550 | MicroATX | Socket AM4 | 2020-06-20発売,11346
ASUS ROG MAXIMUS XII HERO (WI-FI),INTEL Z490 | ATX | LGA 1200 | USB Type-C | Wi-Fi 6 | 2020-05-20発売,44980
ASUS PRIME B450-PLUS,AMD B450 | ATX | Socket AM4 | USB Type-C | 2018-07-31発売,6980
ASRock Z490 Pro4,INTEL Z490 | ATX | LGA 1200 | USB Type-C | 2020-05-20発売,17481
MSI MPG Z490 GAMING CARBON WIFI,INTEL Z490 | ATX | LGA 1200 | USB Type-C | Wi-Fi 6,23200
ギガバイト B550 AORUS ELITE V2,AMD B550 | ATX | Socket AM4 | 2021-01-22発売,18407
ASUS Pro WS W480-ACE,INTEL W480 | ATX | LGA 1200 | USB Type-C | Thunderbolt 3 | 2020-07-03発売,34280
ASRock B550M Phantom Gaming 4,AMD B550 | MicroATX | Socket AM4 | 2020-11-27発売,11800
ASUS PRIME Z490-A,INTEL Z490 | ATX | LGA 1200 | USB Type-C | 2020-05-20発売,22880
ギガバイト X299X AORUS XTREME WATERFORCE,INTEL X299 | XL-ATX | LGA 2066 | USB Type-C | Thunderbolt 3 | Wi-Fi 6 | 2019-11-15発売,96800
ASRock X299 Steel Legend,INTEL X299 | ATX | LGA 2066 | USB Type-C | 2019-11-06発売,30690
ASUS ROG MAXIMUS XII APEX,INTEL Z490 | ATX | LGA 1200 | USB Type-C | Wi-Fi 6 | 2020-06-01発売,43379
Biostar FX9830M,MicroATX | 2020-07-10発売,12427
MSI MPG Z490 GAMING EDGE WIFI,INTEL Z490 | ATX | LGA 1200 | USB Type-C | Wi-Fi 6,23245
ギガバイト H470I AORUS PRO AX,INTEL H470 | Mini ITX | LGA 1200 | USB Type-C | Wi-Fi 6,23711
ASRock J4125-ITX,Mini ITX | 2020-11-20発売,11980
ASUS PRIME J4005I-C,Mini ITX | 2018-06-01発売,8925
ASRock B365M Pro4,INTEL B365 | MicroATX | LGA 1151 | USB Type-C | 2019-02-01発売,9590
ASRock Z590 Steel Legend WiFi 6E,INTEL Z590 | ATX | LGA 1200 | USB Type-C | Wi-Fi 6 | 2021-02-19発売,28664
ASUS TUF GAMING Z590-PLUS WIFI,INTEL Z590 | ATX | LGA 1200 | USB Type-C | Wi-Fi 6 | 2021-02-19発売,32980
ギガバイト B450 AORUS M,AMD B450 | MicroATX | Socket AM4 | 2018-07-31発売,8778
ASUS PRIME Z390-A,INTEL Z390 | ATX | LGA 1151 | USB Type-C | 2018-10-09発売,21800
MSI MPG X570 GAMING EDGE WIFI,AMD X570 | ATX | Socket AM4 | USB Type-C | 2019-07-07発売,21650
ギガバイト Z490 UD AC,INTEL Z490 | ATX | LGA 1200,17578
Biostar H110MHV3,INTEL H110 | MicroATX | LGA 1151 | 2016-04-22発売,6717
ASUS PRIME H310I-PLUS R2.0/CSM,INTEL H310 | Mini ITX | LGA 1151 | 2019-06-07発売,8980
ギガバイト B450M DS3H,AMD B450 | MicroATX | Socket AM4 | 2019-06-28発売,7440
ギガバイト Z590 AORUS ELITE AX,INTEL Z590 | ATX | LGA 1200 | USB Type-C | Wi-Fi 6 | 2021-02-19発売,32449
MSI MEG Z490 GODLIKE,INTEL Z490 | Extended | LGA 1200 | USB Type-C | Thunderbolt 3 | Wi-Fi 6,69980
MSI MPG X570 GAMING PRO CARBON WIFI,AMD X570 | ATX | Socket AM4 | USB Type-C | Wi-Fi 6 | 2019-07-07発売,26329
Biostar J1900MH2,MicroATX | 2019-06-21発売,9933
ASUS ROG CROSSHAIR VIII IMPACT,AMD X570 | Socket AM4 | USB Type-C | Wi-Fi 6 | 2019-10-11発売,45113
ASUS PRIME H310M-E R2.0,INTEL H310 | MicroATX | LGA 1151 | 2019-05-24発売,7000
ASRock B460 Steel Legend,INTEL B460 | ATX | LGA 1200 | USB Type-C,14980
ギガバイト Z390 UD,INTEL Z390 | ATX | LGA 1151,12650
ASUS ROG STRIX B450-F GAMING,AMD B450 | ATX | Socket AM4 | USB Type-C | 2018-07-31発売,15030
ASRock B550 Taichi Razer Edition,AMD B550 | ATX | Socket AM4 | USB Type-C | Wi-Fi 6 | 2020-12-11発売,39980
ASRock X570 Phantom Gaming-ITX/TB3,AMD X570 | Mini ITX | Socket AM4 | USB Type-C | Thunderbolt 3 | Wi-Fi 6 | 2019-08-24発売,34980
ASUS ROG STRIX H470-I GAMING,INTEL H470 | Mini ITX | LGA 1200 | USB Type-C | Wi-Fi 6 | 2020-05-27発売,18126
ASUS ROG STRIX B460-I GAMING,INTEL B460 | Mini ITX | LGA 1200 | USB Type-C | Wi-Fi 6 | 2020-07-10発売,17255
ギガバイト H370 HD3,INTEL H370 | ATX | LGA 1151 | USB Type-C | 2018-04-03発売,9878
ASUS TUF GAMING X570-PLUS (WI-FI),AMD X570 | ATX | Socket AM4 | USB Type-C | 2019-07-07発売,26200
ギガバイト Z390 DESIGNARE,INTEL Z390 | ATX | LGA 1151 | USB Type-C | Thunderbolt 3 | 2019-02-08発売,14278
ASUS PRIME B550M-K,AMD B550 | MicroATX | Socket AM4 | 2020-06-01発売,11737
Colorful CVN B550M GAMING FROZEN V14,AMD B550 | MicroATX | Socket AM4 | USB Type-C,16300
ギガバイト Z490 VISION D,INTEL Z490 | ATX | LGA 1200 | USB Type-C | Thunderbolt 3 | Wi-Fi 6,39470
ギガバイト B550M AORUS PRO,AMD B550 | MicroATX | Socket AM4 | USB Type-C | 2020-06-20発売,14827
ギガバイト X570 I AORUS PRO WIFI,AMD X570 | Mini ITX | Socket AM4 | USB Type-C | Wi-Fi 6 | 2019-07-07発売,28600
ギガバイト TRX40 AORUS XTREME,AMD TRX40 | XL-ATX | Socket sTRX4 | USB Type-C | Wi-Fi 6 | 2019-11-30発売,115661
ギガバイト X570 AORUS MASTER,AMD X570 | ATX | Socket AM4 | USB Type-C | Wi-Fi 6 | 2019-07-07発売,45000
ASUS ROG MAXIMUS XII FORMULA,INTEL Z490 | ATX | LGA 1200 | USB Type-C | Wi-Fi 6 | 2020-05-20発売,41980
ギガバイト X470 AORUS GAMING 7 WIFI,AMD X470 | ATX | Socket AM4 | USB Type-C | 2018-04-19発売,24800
ギガバイト B550 AORUS ELITE,AMD B550 | ATX | Socket AM4 | 2020-06-20発売,15853
ASRock Z490 PG Velocita,INTEL Z490 | ATX | LGA 1200 | USB Type-C | 2020-05-20発売,27573
MSI MEG Z490 ACE,INTEL Z490 | ATX | LGA 1200 | USB Type-C | Wi-Fi 6,39348
Biostar B550GTQ,AMD B550 | MicroATX | Socket AM4 | USB Type-C | 2020-07-23発売,13982
ギガバイト B550M AORUS ELITE,AMD B550 | MicroATX | Socket AM4 | 2020-06-20発売,12136
ギガバイト X299X AORUS MASTER,INTEL X299 | Extended | LGA 2066 | USB Type-C | Wi-Fi 6 | 2019-11-15発売,41241
Colorful iGame Z490 Vulcan X V20,INTEL Z490 | ATX | LGA 1200 | USB Type-C | Wi-Fi 6,17980
MSI Creator X299,INTEL X299 | Extended | LGA 2066 | USB Type-C | Wi-Fi 6 | 2019-11-18発売,62716
ギガバイト X570 AORUS ELITE,AMD X570 | ATX | Socket AM4 | 2019-07-07発売,21207
MSI X470 GAMING PRO MAX,AMD X470 | ATX | Socket AM4 | 2019-10-04発売,12800
Supermicro C9Z490-PGW,INTEL Z490 | ATX | LGA 1200 | USB Type-C | Wi-Fi 6 | 2020-07-10発売,53899
ASUS TUF GAMING H470-PRO (WI-FI),INTEL H470 | ATX | LGA 1200 | USB Type-C | Wi-Fi 6 | 2020-05-27発売,17880
MSI PRESTIGE X570 CREATION,AMD X570 | Extended | Socket AM4 | USB Type-C | Wi-Fi 6 | 2019-07-07発売,59979
ASRock B365 Phantom Gaming 4,INTEL B365 | ATX | LGA 1151 | USB Type-C | 2019-02-08発売,11968
ASUS PRO A520M-C/CSM,AMD A520 | MicroATX | Socket AM4 | 2020-09-18発売,9400
Colorful CVN Z490 GAMING PRO V20,INTEL Z490 | ATX | LGA 1200 | USB Type-C,16580
ASRock Z490 Taichi,INTEL Z490 | ATX | LGA 1200 | USB Type-C | Wi-Fi 6 | 2020-05-20発売,39800
MSI MAG B460M MORTAR,INTEL B460 | MicroATX | LGA 1200 | USB Type-C | 2020-06-01発売,13500
ASRock B550 PG Velocita,AMD B550 | ATX | Socket AM4 | USB Type-C | 2020-06-27発売,23918
ASUS ROG STRIX X570-I GAMING,AMD X570 | Mini ITX | Socket AM4 | USB Type-C | Wi-Fi 6 | 2019-10-11発売,38700
ASRock X299 Taichi CLX,INTEL X299 | ATX | LGA 2066 | USB Type-C | Wi-Fi 6 | 2019-12-06発売,47445
ギガバイト Z490 AORUS XTREME,INTEL Z490 | Extended | LGA 1200 | USB Type-C | Thunderbolt 3 | Wi-Fi 6,82478
ASRock B450M-HDV R4.0,AMD B450 | MicroATX | Socket AM4 | 2019-03-08発売,7179
ASUS H61M-K,INTEL H61 | MicroATX | LGA 1155,7980
ASRock A520M Phantom Gaming 4,AMD A520 | MicroATX | Socket AM4 | 2020-11-27発売,7980
ギガバイト Z390 AORUS ELITE,INTEL Z390 | ATX | LGA 1151 | 2018-10-09発売,16980
ASRock X570 Creator,AMD X570 | ATX | Socket AM4 | USB Type-C | Thunderbolt 3 | Wi-Fi 6 | 2019-08-30発売,59980
ギガバイト Z490 AORUS PRO AX,INTEL Z490 | ATX | LGA 1200 | USB Type-C | Wi-Fi 6,29678
ASUS PRIME B550-PLUS,AMD B550 | ATX | Socket AM4 | USB Type-C | 2020-06-01発売,14518
ASUS ROG STRIX TRX40-E GAMING,AMD TRX40 | ATX | Socket sTRX4 | USB Type-C | Wi-Fi 6,54780
Biostar B460GTQ,INTEL B460 | MicroATX | LGA 1200 | 2020-05-27発売,9980
ASRock B360M-HDV,INTEL B360 | MicroATX | LGA 1151 | 2018-04-01発売,7700
ASRock Z590 Steel Legend,INTEL Z590 | ATX | LGA 1200 | USB Type-C | 2021-02-19発売,28330
ASUS PRIME A320M-K,AMD A320 | MicroATX | Socket AM4 | 2017-04-26発売,6578
ギガバイト Z590 AORUS PRO AX,INTEL Z590 | ATX | LGA 1200 | USB Type-C | Wi-Fi 6 | 2021-02-19発売,39819
MSI TRX40 PRO WIFI,AMD TRX40 | ATX | Socket sTRX4 | USB Type-C | Wi-Fi 6,45800
ASUS WS C246M PRO,INTEL C246 | MicroATX | LGA 1151 | 2018-10-26発売,32889
ASRock B365M Phantom Gaming 4,INTEL B365 | MicroATX | LGA 1151 | USB Type-C | 2019-02-08発売,11183
ギガバイト X570 AORUS PRO,AMD X570 | ATX | Socket AM4 | USB Type-C | 2019-07-07発売,26378
MSI B450-A PRO,AMD B450 | ATX | Socket AM4 | 2019-04-05発売,10180
ASUS ROG MAXIMUS XII EXTREME,INTEL Z490 | Extended | LGA 1200 | USB Type-C | Wi-Fi 6 | 2020-05-20発売,59800
ASRock B550 Pro4,AMD B550 | ATX | Socket AM4 | USB Type-C | 2020-06-20発売,14000
Biostar Z490GTN,INTEL Z490 | Mini ITX | LGA 1200 | 2020-05-20発売,14079
ASRock X570 Phantom Gaming X,AMD X570 | ATX | Socket AM4 | USB Type-C | Wi-Fi 6 | 2019-07-07発売,39236
ASRock H370M Pro4,INTEL H370 | MicroATX | LGA 1151 | USB Type-C | 2018-04-03発売,10912
ASUS WS X299 SAGE,INTEL X299 | CEB | LGA 2066 | USB Type-C | 2018-04-06発売,77659
MSI MEG B550 UNIFY-X,AMD B550 | ATX | Socket AM4 | USB Type-C | Wi-Fi 6 | 2020-12-18発売,36299
MSI B365M PRO-VDH,INTEL B365 | MicroATX | LGA 1151 | USB Type-C | 2019-07-19発売,8482
MSI X570-A PRO,AMD X570 | ATX | Socket AM4 | USB Type-C | 2019-07-07発売,18000
ギガバイト Z490 VISION D,INTEL Z490 | ATX | LGA 1200 | USB Type-C | Thunderbolt 3 | Wi-Fi 6 | 2020-05-20発売,37378
ギガバイト Z490 AORUS PRO AX,INTEL Z490 | ATX | LGA 1200 | USB Type-C | Wi-Fi 6,31799
ギガバイト Z490 AORUS MASTER,INTEL Z490 | ATX | LGA 1200 | USB Type-C | Wi-Fi 6,43978
ASUS ROG STRIX X299-E GAMING II,INTEL X299 | ATX | LGA 2066 | USB Type-C | Wi-Fi 6 | 2019-11-01発売,52800
Biostar Z490GTA EVO,INTEL Z490 | ATX | LGA 1200 | USB Type-C | 2020-05-20発売,15280
ASUS ROG STRIX B350-F GAMING,AMD B350 | ATX | Socket AM4 | 2017-06-09発売,14903
Biostar A520MH,AMD A520 | MicroATX | Socket AM4 | 2020-08-22発売,5980
ギガバイト TRX40 AORUS PRO WIFI,AMD TRX40 | ATX | Socket sTRX4 | USB Type-C | Wi-Fi 6 | 2019-11-30発売,50303
ギガバイト H370M D3H,INTEL H370 | MicroATX | LGA 1151 | USB Type-C | 2018-04-03発売,10970
ギガバイト X470 AORUS ULTRA GAMING,AMD X470 | ATX | Socket AM4 | USB Type-C | 2018-04-19発売,16800
Supermicro SuperO C9Z390-CG-IW,INTEL Z390 | Mini ITX | LGA 1151 | USB Type-C | 2018-10-26発売,34979
ASUS Pro WS X570-ACE,AMD X570 | ATX | Socket AM4 | USB Type-C | 2019-07-07発売,33799
Biostar Z490GTA,INTEL Z490 | ATX | LGA 1200 | 2020-05-20発売,14278
ASRock X570 Extreme4,AMD X570 | ATX | Socket AM4 | USB Type-C | 2019-07-07発売,27478
MSI B450M PRO-VDH MAX,AMD B450 | MicroATX | Socket AM4 | 2019-08-30発売,8270
MSI Z370 GAMING PRO CARBON,INTEL Z370 | ATX | LGA 1151 | USB Type-C | 2017-11-02発売,11980
ギガバイト Z390 M GAMING,INTEL Z390 | MicroATX | LGA 1151 | USB Type-C | 2018-10-09発売,10978
ASRock Fatal1ty H370 Performance,INTEL H370 | ATX | LGA 1151 | USB Type-C | 2018-04-01発売,12078
ASUS WS X299 SAGE/10G,INTEL X299 | CEB | LGA 2066 | USB Type-C | 2018-07-27発売,95479
ASUS ROG RAMPAGE VI EXTREME OMEGA,INTEL X299 | Extended | LGA 2066 | USB Type-C | 2019-03-01発売,99800
ASUS PRIME B365M-A,INTEL B365 | MicroATX | LGA 1151 | USB Type-C | 2019-04-19発売,8980
MSI Creator TRX40,AMD TRX40 | Extended | Socket sTRX4 | USB Type-C | Wi-Fi 6,70000
ギガバイト B450M S2H,AMD B450 | MicroATX | Socket AM4 | 2019-11-01発売,6480
ASRock Fatal1ty X470 GAMING K4,AMD X470 | ATX | Socket AM4 | USB Type-C | 2018-04-19発売,10978
ギガバイト A520M S2H,AMD A520 | MicroATX | Socket AM4 | 2020-10-02発売,8008
Intel S1200SPSR,INTEL C232 | MicroATX | LGA 1151,23759
ASRock B365M-HDV,INTEL B365 | MicroATX | LGA 1151 | 2019-05-17発売,8470
MSI MAG Z390 TOMAHAWK,INTEL Z390 | ATX | LGA 1151 | USB Type-C | 2018-10-09発売,17270
ASUS WS X299 SAGE/10G,INTEL X299 | CEB | LGA 2066 | USB Type-C | 2018-07-27発売,95479
ギガバイト B450 AORUS ELITE,AMD B450 | ATX | Socket AM4 | 2018-11-02発売,9878
ASUS TUF GAMING B460-PRO (WI-FI),INTEL B460 | ATX | LGA 1200 | Wi-Fi 6 | 2020-07-10発売,15907
ASRock X299 Creator,INTEL X299 | ATX | LGA 2066 | USB Type-C | Thunderbolt 3 | Wi-Fi 6,55000
ASUS P10S-X,INTEL C232 | ATX | LGA 1151,26949
ASRock TRX40 Creator,AMD TRX40 | ATX | Socket sTRX4 | USB Type-C | Wi-Fi 6,54692
ASUS WS C422 SAGE/10G,INTEL C422 | CEB | LGA 2066 | USB Type-C | 2018-07-27発売,97349
ギガバイト B550 AORUS PRO AC,AMD B550 | ATX | Socket AM4 | USB Type-C | 2020-06-20発売,17578
MSI MPG Z490 CARBON EK X,INTEL Z490 | ATX | LGA 1200 | USB Type-C | Wi-Fi 6 | 2020-10-24発売,53234
ギガバイト TRX40 DESIGNARE,AMD TRX40 | XL-ATX | Socket sTRX4 | USB Type-C | Wi-Fi 6 | 2019-11-30発売,71800
ギガバイト Z390 UD,INTEL Z390 | ATX | LGA 1151 | 2018-10-09発売,11400
ASUS WS C621E SAGE,INTEL C621 | SSI EEB | LGA 3647 | USB Type-C | 2018-03-30発売,91299
ASUS WS C246 PRO,INTEL C246 | ATX | LGA 1151 | USB Type-C | 2018-10-26発売,35189
ギガバイト Z490I AORUS ULTRA,INTEL Z490 | Mini ITX | LGA 1200 | USB Type-C | Wi-Fi 6,32780
ASUS PRIME B450M-A/CSM,AMD B450 | MicroATX | Socket AM4,9890
ギガバイト C621 AORUS XTREME,INTEL C621 | Extended | LGA 3647,216699
Biostar B550MH,AMD B550 | MicroATX | Socket AM4 | 2020-07-31発売,8980
ASRock H310CM-ITX/ac,INTEL H310 | Mini ITX | LGA 1151 | 2018-12-07発売,11100
ASRock Z490 Phantom Gaming 4,INTEL Z490 | ATX | LGA 1200 | USB Type-C | 2020-06-01発売,21053
MSI MAG B550M BAZOOKA,AMD B550 | MicroATX | Socket AM4 | 2020-07-10発売,15950
ギガバイト AORUS GA-AX370-Gaming 5,AMD X370 | ATX | Socket AM4 | USB Type-C | 2017-03-01発売,22800
ASUS Z11PA-U12,INTEL C621 | ATX | LGA 3647,59949
ASUS WS Z390 PRO,INTEL Z390 | ATX | LGA 1151 | USB Type-C | 2018-12-14発売,63400
ASUS WS X299 PRO,INTEL X299 | ATX | LGA 2066 | USB Type-C | 2018-03-30発売,59509
Supermicro SuperO C9Z390-PGW,INTEL Z390 | ATX | LGA 1151 | USB Type-C | 2018-10-26発売,51699
Biostar B365MHC,INTEL B365 | MicroATX | LGA 1151 | 2019-08-09発売,7348
ASRock TRX40 Taichi,AMD TRX40 | ATX | Socket sTRX4 | USB Type-C | Wi-Fi 6,59367
ASRock C236M WS,INTEL C236 | MicroATX | LGA 1151,29150
ASRock Fatal1ty B450 Gaming K4,AMD B450 | ATX | Socket AM4 | USB Type-C | 2018-07-31発売,7150
Supermicro X11DAi-N,INTEL C621 | Extended | LGA 3647 | USB Type-C,78403
ASUS TUF GAMING A520M-PLUS,AMD A520 | MicroATX | Socket AM4 | 2020-08-22発売,10400
ASUS TUF GAMING A520M-PLUS,AMD A520 | MicroATX | Socket AM4 | 2020-08-22発売,10400
ギガバイト B550M S2H,AMD B550 | MicroATX | Socket AM4 | 2020-06-24発売,9768
ASUS WS X299 PRO/SE,INTEL X299 | CEB | LGA 2066 | USB Type-C | 2018-04-06発売,61819
Supermicro SuperO C9Z390-CGW,INTEL Z390 | ATX | LGA 1151 | USB Type-C | 2018-10-26発売,24800
NZXT N7 Z490 N7-Z49XT-B1,INTEL Z490 | ATX | LGA 1200 | USB Type-C | Wi-Fi 6 | 2021-01-08発売,35420
ASUS P10S-M WS,INTEL C236 | MicroATX | LGA 1151 | 2016-08-26発売,30249
ASUS PRIME TRX40-PRO S,AMD TRX40 | ATX | Socket sTRX4 | USB Type-C | 2020-06-05発売,55119
ASUS PRIME B460M-K,INTEL B460 | MicroATX | LGA 1200 | 2020-07-03発売,8980
ASRock EP2C612 WS,INTEL C612 | SSI EEB | LGA 2011-3,52250
ギガバイト X470 AORUS GAMING 7 WIFI,AMD X470 | ATX | Socket AM4 | USB Type-C | 2018-12-01発売,34418
ASUS ROG Zenith II Extreme,AMD TRX40 | Extended | Socket sTRX4 | USB Type-C | Wi-Fi 6,86899
ASUS Z11PA-D8,INTEL C621 | CEB | LGA 3647,77989
ASUS PRIME B365M-K,INTEL B365 | MicroATX | LGA 1151 | 2019-04-19発売,8980
Supermicro X10DRX,INTEL C612 | Proprietary | LGA 2011-3,83482
Supermicro X11SCL-IF,INTEL C242 | Mini ITX | LGA 1151,27980
ASUS PRIME A320M-A,AMD A320 | MicroATX | Socket AM4 | 2017-09-01発売,6772
ギガバイト MX11-PC0,INTEL C232 | Mini ITX | LGA 1151,38148
ギガバイト Z490 AORUS MASTER,INTEL Z490 | ATX | LGA 1200 | USB Type-C | Wi-Fi 6,50820
ASUS PRIME H310M-A,INTEL H310 | MicroATX | LGA 1151 | 2018-04-03発売,-
ギガバイト X570 UD,AMD X570 | ATX | Socket AM4 | 2019-09-13発売,13800
ASRock C236 WSI,INTEL C236 | Mini ITX | LGA 1151,28215
ASUS ROG STRIX TRX40-XE GAMING,AMD TRX40 | ATX | Socket sTRX4 | USB Type-C | Wi-Fi 6 | 2020-10-02発売,64800
ギガバイト MD80-TM1,INTEL C612 | LGA 2011-3,84966
ギガバイト B450 Gaming X,AMD B450 | ATX | Socket AM4 | 2019-04-26発売,9495
ASRock EPC612D4I,INTEL C612 | Mini ITX | LGA 2011-3,38225
ASRock B450M-HDV,AMD B450 | MicroATX | Socket AM4 | 2018-07-31発売,9172
ASUS PRIME A520M-A,AMD A520 | MicroATX | Socket AM4 | 2020-08-22発売,8736
ギガバイト X299X DESIGNARE 10G,INTEL X299 | Extended | LGA 2066 | USB Type-C | Thunderbolt 3 | Wi-Fi 6 | 2019-11-15発売,76542
ギガバイト X570 UD,AMD X570 | ATX | Socket AM4,18980
Supermicro X11SPM-F,INTEL C621 | MicroATX | LGA 3647,55384
Supermicro A2SDI-4C-HLN4F,Mini ITX,52122
ギガバイト MD70-HB2,INTEL C612 | LGA 2011-3,82110
ASUS WS C246M PRO/SE,INTEL C246 | MicroATX | LGA 1151 | 2019-11-15発売,39489
Supermicro X11SPA-T,INTEL C621 | Extended | LGA 3647 | USB Type-C,76999
Supermicro X10QBL-CT,INTEL C602J | Proprietary | LGA 2011,278970
Supermicro X11SPL-F,INTEL C621 | ATX | LGA 3647,54657
ASRock C226M WS,INTEL C226 | MicroATX | LGA 1150,23705
ASUS ROG STRIX B450-I GAMING,AMD B450 | Mini ITX | Socket AM4 | 2018-08-01発売,14980
ギガバイト Z370M DS3H,INTEL Z370 | MicroATX | LGA 1151 | 2018-01-27発売,12776
ASUS PRIME X370-PRO,AMD X370 | ATX | Socket AM4 | USB Type-C | 2017-03-03発売,-
MSI B360 GAMING PLUS,INTEL B360 | ATX | LGA 1151,-
Supermicro X11SSV-M4,INTEL CM236 | Mini ITX,125970
Supermicro X9DRD-CNT+,INTEL C602 | LGA 2011,129030
Biostar A68N-5745,AMD A70M | Mini ITX | 2017-02-10発売,-
ASUS ROG STRIX B450-I GAMING,AMD B450 | Mini ITX | Socket AM4 | 2018-08-01発売,14980
ギガバイト Z370M DS3H,INTEL Z370 | MicroATX | LGA 1151 | 2018-01-27発売,12776
ASUS PRIME X370-PRO,AMD X370 | ATX | Socket AM4 | USB Type-C | 2017-03-03発売,-
ASUS B150M-A/M.2,INTEL B150 | MicroATX | LGA 1151 | 2016-08-05発売,-
ASUS TUF Z390M-PRO GAMING (WI-FI),INTEL Z390 | MicroATX | LGA 1151 | USB Type-C,-
ASUS TUF H370-PRO GAMING (WI-FI),INTEL H370 | ATX | LGA 1151 | USB Type-C | 2018-04-03発売,-
ASRock B250M-HDV,INTEL B250 | MicroATX | LGA 1151 | 2017-01-06発売,-
ASUS ROG STRIX H270I GAMING,INTEL H270 | Mini ITX | LGA 1151 | 2017-06-23発売,-
ASRock H81M-HDS R2.0,INTEL H81 | MicroATX | LGA 1150,-
ASRock Fatal1ty X299 Professional Gaming i9,INTEL X299 | ATX | LGA 2066 | USB Type-C | 2017-07-01発売,-
ASUS ROG STRIX X399-E GAMING,AMD X399 | Extended | Socket TR4 | USB Type-C | 2018-03-09発売,-
ASRock B360 Pro4,INTEL B360 | ATX | LGA 1151 | USB Type-C | 2018-04-01発売,-
ギガバイト GA-B250M-D3H,INTEL B250 | MicroATX | LGA 1151 | 2017-01-06発売,-
ASUS PRIME X299-DELUXE,INTEL X299 | ATX | LGA 2066 | 2017-06-27発売,-
Biostar B365GTA,INTEL B365 | ATX | LGA 1151 | 2019-12-12発売,-
ASRock H81 Pro BTC R2.0,INTEL H81 | ATX | LGA 1150 | 2017-06-20発売,-
ギガバイト B360M DS3H,INTEL B360 | MicroATX | LGA 1151 | 2018-04-03発売,-
Supermicro C7H170-M,INTEL H170 | MicroATX | LGA 1151,-
ASUS PRIME X570-P/CSM,AMD X570 | ATX | Socket AM4 | 2019-07-07発売,19500
Biostar B450MH,AMD B450 | MicroATX | Socket AM4 | 2019-08-09発売,-
MSI B250M MORTAR,INTEL B250 | MicroATX | LGA 1151,-
MSI B150M ECO,INTEL B150 | MicroATX | LGA 1151,-
ASRock B250M Pro4,INTEL B250 | MicroATX | LGA 1151 | USB Type-C | 2017-01-06発売,-
Supermicro X10DRH-iLN4,INTEL C612 | Extended | LGA 2011-3,77010
ASUS ROG CROSSHAIR VII HERO,AMD X470 | ATX | Socket AM4 | USB Type-C | 2018-04-27発売,-
ギガバイト GA-X99-Designare EX,INTEL X99 | ATX | LGA 2011-3 | 2016-01-01発売,-
Supermicro X10SDV-4C+-TP4F,FlexATX,80274
ギガバイト X299 UD4,INTEL X299 | ATX | LGA 2066 | 2017-07-08発売,-
ASUS ROG STRIX B360-H GAMING,INTEL B360 | ATX | LGA 1151,-
Supermicro M11SDV-8C+-LN4F,Mini ITX,126500
ギガバイト GA-H170-D3H,INTEL H170 | ATX | LGA 1151,-
ASRock J3160B-ITX,Mini ITX | 2016-06-03発売,-
ASRock J3160DC-ITX,Mini ITX | 2016-06-03発売,-
Supermicro X9DRD-iT+,INTEL C602 | LGA 2011,94044
ASUS ROG STRIX Z490-G GAMING (WI-FI),INTEL Z490 | MicroATX | LGA 1200 | USB Type-C | Wi-Fi 6 | 2020-05-20発売,26950
Supermicro X9QRi-F,INTEL C602 | Proprietary | LGA 2011,179010
ギガバイト Z390 I AORUS PRO WIFI,INTEL Z390 | Mini ITX | LGA 1151 | USB Type-C | 2018-10-09発売,-
ASRock C236 WS,INTEL C236 | ATX | LGA 1151,30030
Supermicro X10SDV-12C-TLN4F+,Mini ITX,193599
ASUS ROG STRIX Z390-I GAMING,INTEL Z390 | Mini ITX | LGA 1151 | USB Type-C | 2018-10-01発売,-
ASUS ROG STRIX Z270I GAMING,INTEL Z270 | Mini ITX | LGA 1151 | 2017-02-24発売,-
ASUS X99-DELUXE II,INTEL X99 | ATX | LGA 2011-3 | 2016-05-27発売,-
ASUS ROG STRIX Z370-H GAMING,INTEL Z370 | ATX | LGA 1151,-
ASRock Z270M-ITX/ac,INTEL Z270 | Mini ITX | LGA 1151 | 2017-01-06発売,-
ASUS PRIME Z370-P,INTEL Z370 | ATX | LGA 1151 | 2017-11-24発売,-
ASUS ROG STRIX Z370-E GAMING,INTEL Z370 | ATX | LGA 1151,-
ギガバイト MX31-BS0,INTEL C232 | MicroATX | LGA 1151,33966
Biostar Z270GTN,INTEL Z270 | Mini ITX | LGA 1151 | 2017-04-14発売,-
ASRock H110 Pro BTC+,INTEL H110 | ATX | LGA 1151 | 2017-07-07発売,8800
MSI B450 TOMAHAWK,AMD B450 | ATX | Socket AM4 | USB Type-C | 2018-07-31発売,-
ギガバイト MB10-DS3,Mini ITX,-
MSI Z270 PC MATE,INTEL Z270 | ATX | LGA 1151 | 2017-01-06発売,-
Biostar Z370GT6,INTEL Z370 | ATX | LGA 1151 | 2017-11-25発売,-
MSI B85M-E45,INTEL B85 | MicroATX | LGA 1150,-
ASUS B150M-C D3,INTEL B150 | MicroATX | LGA 1151,-
Supermicro X9QR7-TF-JBOD,INTEL C602 | Proprietary | LGA 2011,191556
MSI B450 TOMAHAWK,AMD B450 | ATX | Socket AM4 | USB Type-C | 2018-07-31発売,-
ギガバイト MB10-DS3,Mini ITX,-
MSI Z270 PC MATE,INTEL Z270 | ATX | LGA 1151 | 2017-01-06発売,-
Biostar Z370GT6,INTEL Z370 | ATX | LGA 1151 | 2017-11-25発売,-
MSI B85M-E45,INTEL B85 | MicroATX | LGA 1150,-
ASUS B150M-C D3,INTEL B150 | MicroATX | LGA 1151,-
Supermicro X9QR7-TF-JBOD,INTEL C602 | Proprietary | LGA 2011,191556
ASRock B360M Pro4,INTEL B360 | MicroATX | LGA 1151 | USB Type-C | 2018-04-01発売,-
ギガバイト GA-F2A88X-D3HP,AMD A88X | ATX | Socket FM2+/FM2 | 2016-02-13発売,-
ASRock 970A-G/3.1,AMD 970+SB950 | ATX | Socket AM3+/AM3 | 2016-02-12発売,-
MSI B350 PC MATE,AMD B350 | ATX | Socket AM4 | 2017-04-08発売,-
MSI Z270 GAMING M3,INTEL Z270 | ATX | LGA 1151,-
Supermicro X11DPX-T,INTEL C621 | Proprietary | LGA 3647,132699
Supermicro X10SLQ-L,INTEL Q87 | MicroATX | LGA 1150,32742
Biostar H110MHC Ver. 7.1,INTEL H110 | MicroATX | LGA 1151 | 2019-11-15発売,7480
ギガバイト GA-970-Gaming,AMD 970+SB950 | ATX | Socket AM3+/AM3 | 2016-01-15発売,-
ASUS 970 PRO GAMING/AURA,AMD 970+SB950 | ATX | Socket AM3+/AM3,-
ASUS ROG STRIX Z270F GAMING,INTEL Z270 | ATX | LGA 1151 | 2017-01-06発売,-
MSI B150M MORTAR ARCTIC,INTEL B150 | MicroATX | LGA 1151 | 2016-07-30発売,-
Biostar TB250-BTC,INTEL B250 | ATX | LGA 1151 | 2017-05-22発売,6903
MSI H310-A PRO,INTEL H310 | ATX | LGA 1151 | 2018-04-03発売,-
ASUS ROG STRIX Z370-F GAMING,INTEL Z370 | ATX | LGA 1151 | 2017-11-02発売,-
ECS Z270H4-I,INTEL Z270 | Mini ITX | LGA 1151 | 2017-07-01発売,-
ギガバイト GA-H170-Designare,INTEL H170 | ATX | LGA 1151 | 2016-08-06発売,-
MSI B450M PRO-M2,AMD B450 | MicroATX | Socket AM4 | 2018-07-31発売,-
ASRock Fatal1ty AB350 Gaming-ITX/ac,AMD B350 | Mini ITX | Socket AM4 | USB Type-C | 2017-07-12発売,-
Biostar J3160NH,Mini ITX | 2016-04-22発売,-
ASUS ROG STRIX B360-I GAMING,INTEL B360 | Mini ITX | LGA 1151 | USB Type-C | 2018-04-20発売,19994
ASRock X299 Taichi,INTEL X299 | ATX | LGA 2066 | USB Type-C | 2017-06-28発売,-
Supermicro X9DRW-CF31,INTEL C602J | Proprietary | LGA 2011,117708
Supermicro X8DTU-6TF+-LR,INTEL 5520+ICH10R+IOH-36D | Proprietary | LGA 1366,142698
MSI H270-A PRO,INTEL H270 | ATX | LGA 1151 | 2017-10-07発売,-
ASUS PRIME X299-DELUXE II,INTEL X299 | ATX | LGA 2066 | USB Type-C | Thunderbolt 3 | 2018-12-21発売,-
MSI MEG Z390 ACE,INTEL Z390 | ATX | LGA 1151 | USB Type-C | 2018-10-09発売,-
ギガバイト TRX40 AORUS MASTER,AMD TRX40 | Extended | Socket sTRX4 | USB Type-C | Wi-Fi 6 | 2019-11-30発売,58719
Supermicro X7DCT-3,INTEL 5100+ICH9R | Proprietary | LGA 771,65790
ASRock Z370 Pro4,INTEL Z370 | ATX | LGA 1151 | USB Type-C | 2017-11-02発売,-
MSI B250M PRO-VDH,INTEL B250 | MicroATX | LGA 1151 | USB Type-C,-
ギガバイト GA-Z170N-WIFI,INTEL Z170 | Mini ITX | LGA 1151,-
Supermicro X9QRi-F+,INTEL C602 | Proprietary | LGA 2011,147900
MSI X370 GAMING PLUS,AMD X370 | ATX | Socket AM4,-
ASRock A88M-ITX/ac R2.0,AMD A88X | Mini ITX | Socket FM2+/FM2 | 2016-04-29発売,-
ASRock Z390M-ITX/ac,INTEL Z390 | Mini ITX | LGA 1151 | USB Type-C | 2018-10-09発売,15378
Supermicro X9DRW-7TPF,INTEL C602 | Proprietary | LGA 2011,121890
ギガバイト GA-6PXSV3,INTEL C604 | ATX | LGA 2011,-
ギガバイト Z390 AORUS MASTER,INTEL Z390 | ATX | LGA 1151 | USB Type-C | 2018-10-09発売,-
MSI H310M GAMING PLUS,INTEL H310 | MicroATX | LGA 1151 | 2018-04-03発売,-
ギガバイト GA-6LXSL,INTEL H87 | ATX | LGA 1150,-
Supermicro X10DRD-iT,INTEL C612 | Extended | LGA 2011-3,73330
MSI Z270 GAMING PLUS,INTEL Z270 | ATX | LGA 1151 | 2017-04-01発売,-
Supermicro X9SCL+-F,INTEL C202 | MicroATX | LGA 1155,32398
MSI B360 GAMING PLUS,INTEL B360 | ATX | LGA 1151,-
Supermicro X11SSV-M4,INTEL CM236 | Mini ITX,125970
Supermicro X9DRD-CNT+,INTEL C602 | LGA 2011,129030
Biostar A68N-5745,AMD A70M | Mini ITX | 2017-02-10発売,-
MSI A320M BAZOOKA,AMD A320 | MicroATX | Socket AM4,-
Supermicro A2SDI-12C-HLN4F,Mini ITX,98430
ASUS ROG MAXIMUS IX CODE,INTEL Z270 | ATX | LGA 1151 | 2017-01-06発売,-
ASUS PRIME B360-PLUS,INTEL B360 | ATX | LGA 1151 | 2018-04-20発売,-
ギガバイト AORUS GA-AX370-Gaming K7,AMD X370 | ATX | Socket AM4 | USB Type-C,26800
ASUS ROG RAMPAGE VI APEX,INTEL X299 | Extended | LGA 2066 | 2017-09-15発売,-
MSI H370 GAMING PRO CARBON,INTEL H370 | ATX | LGA 1151 | 2018-04-03発売,-
ASUS PRIME Z270-K,INTEL Z270 | ATX | LGA 1151 | 2017-01-06発売,-
ASRock B365M-ITX/ac,INTEL B365 | Mini ITX | LGA 1151 | 2019-02-08発売,-
ASUS ROG MAXIMUS XI FORMULA,INTEL Z390 | ATX | LGA 1151 | USB Type-C | 2018-10-01発売,-
Supermicro C7Z370-CG-IW,INTEL Z370 | Mini ITX | LGA 1151 | 2018-03-24発売,-
Supermicro X10SDV-4C+-TLN4F,Mini ITX,80899
ASRock J3710M,MicroATX | 2016-06-03発売,-
ASUS TUF Z390-PLUS GAMING (WI-FI),INTEL Z390 | ATX | LGA 1151,-
MSI X299 TOMAHAWK,INTEL X299 | ATX | LGA 2066 | USB Type-C | 2017-06-27発売,38300
MSI MAG Z590 TORPEDO,INTEL Z590 | ATX | LGA 1200 | USB Type-C,-
ASRock Z270 Pro4,INTEL Z270 | ATX | LGA 1151 | 2017-01-06発売,-
ASUS ROG STRIX X299-E GAMING,INTEL X299 | ATX | LGA 2066 | 2017-07-14発売,-
Supermicro X9DRH-iF-NV,INTEL C602 | Extended | LGA 2011,98328
ASUS PRIME H370M-PLUS,INTEL H370 | MicroATX | LGA 1151 | USB Type-C | 2018-04-03発売,-
ギガバイト GA-H270-HD3P,INTEL H270 | ATX | LGA 1151 | 2017-01-06発売,-
ASRock Z170M OC Formula,INTEL Z170 | MicroATX | LGA 1151 | 2016-04-29発売,-
MSI Z170-A PRO,INTEL Z170 | ATX | LGA 1151,-
MSI X99A GAMING PRO CARBON,INTEL X99 | ATX | LGA 2011-3 | 2016-05-28発売,-
Supermicro X10SDV-16C+-TLN4F,Mini ITX,321912
ギガバイト GA-AB350-Gaming,AMD B350 | ATX | Socket AM4,-
ASRock B150M-HDV,INTEL B150 | MicroATX | LGA 1151 | 2016-01-29発売,-
ASRock Z390M Pro4,INTEL Z390 | MicroATX | LGA 1151 | USB Type-C | 2018-10-09発売,13178
Colorful BATTLE-AX Z490AK GAMING V20,INTEL Z490 | ATX | LGA 1200 | USB Type-C,-
MSI Z170A TOMAHAWK AC,INTEL Z170 | ATX | LGA 1151,-
ASUS ROG ZENITH EXTREME,AMD X399 | Extended | Socket TR4 | USB Type-C | 2017-08-10発売,-
Supermicro X10QBL,INTEL C602J | Proprietary | LGA 2011,250410
Supermicro X7SBI-LN4-TM,INTEL 3200+ICH9R+PXH-V | ATX | LGA 775,51510
MSI Z370 GAMING PLUS,INTEL Z370 | ATX | LGA 1151 | 2017-11-02発売,-
Supermicro X10SDV-6C+-TLN4F,Mini ITX,100299
ASRock J3160M,MicroATX | 2016-06-03発売,-
ASRock Z390 Phantom Gaming 7,INTEL Z390 | ATX | LGA 1151 | USB Type-C | 2019-05-24発売,-
Intel DBS2600CWTR,INTEL C612 | SSI EEB | LGA 2011-3,-
ギガバイト MD60-SC1,INTEL C612 | LGA 2011-3,79968
MSI H110I PRO AC,INTEL H110 | Mini ITX | LGA 1151,-
MSI Z370 GAMING M5,INTEL Z370 | ATX | LGA 1151 | USB Type-C | 2017-11-02発売,-
ASRock Z390 Extreme4,INTEL Z390 | ATX | LGA 1151 | USB Type-C | 2018-10-09発売,71954
ASUS ROG CROSSHAIR VII HERO (WI-FI),AMD X470 | ATX | Socket AM4 | USB Type-C | 2018-06-01発売,-
ASUS TUF B360M-PLUS GAMING,INTEL B360 | MicroATX | LGA 1151,-
MSI MEG Z590 ACE,INTEL Z590 | ATX | LGA 1200 | USB Type-C | Wi-Fi 6,-
ASUS ROG STRIX B250I GAMING,INTEL B250 | Mini ITX | LGA 1151 | 2017-06-09発売,-
ASRock H310M-G/M.2,INTEL H310 | MicroATX | LGA 1151,-
ASRock X99 Taichi,INTEL X99 | ATX | LGA 2011-3 | 2016-07-22発売,-
ギガバイト GA-X99P-SLI,INTEL X99 | ATX | LGA 2011-3 | 2016-05-14発売,-
MSI X299 GAMING PRO CARBON,INTEL X299 | ATX | LGA 2066 | 2017-07-14発売,-
Supermicro X10SRM-F,INTEL C612 | MicroATX | LGA 2011-3,55488
Supermicro X10DRL-LN4,INTEL C612 | ATX | LGA 2011-3,48939
ギガバイト GA-X170-EXTREME ECC,INTEL C236 | ATX | LGA 1151,-
MSI Z370 KRAIT GAMING,INTEL Z370 | ATX | LGA 1151,-
リコー FB21-L2S,INTEL C246 | ATX | LGA 1151,-
MSI H170I PRO AC,INTEL H170 | Mini ITX | LGA 1151 | 2016-01-30発売,-
Supermicro X9DRW-7TPF+,INTEL C602J | Proprietary | LGA 2011,131070
MSI MEG Z390 GODLIKE,INTEL Z390 | Extended | LGA 1151 | USB Type-C | 2018-10-09発売,-
Supermicro X9DRW-CTF31,INTEL C602J | Proprietary | LGA 2011,130574
ASRock X570 AQUA,AMD X570 | Extended | Socket AM4 | USB Type-C | Thunderbolt 3 | Wi-Fi 6 | 2019-09-28発売,-
Supermicro X10SDV-F,Mini ITX,122199
Supermicro X10SLL+-F,INTEL C222 | MicroATX | LGA 1150,33864
Supermicro X9DBi-F,INTEL C602 | LGA 1356,59568
ASUS SABERTOOTH Z170 S,INTEL Z170 | ATX | LGA 1151 | 2016-06-11発売,-
ASRock J3710-ITX,Mini ITX | 2016-06-03発売,-
ASRock EP2C622D16NM,INTEL C622 | SSI EEB | LGA 3647,78595
MSI H310-F PRO,INTEL H310 | ATX | LGA 1151 | 2018-04-10発売,32300
ギガバイト GA-H81M-S2H GSM,INTEL H81 | MicroATX | LGA 1150,-
Supermicro X10DRH-CT,INTEL C612 | Extended | LGA 2011-3,115450
Biostar J3060NH,Mini ITX | 2019-06-21発売,-
ギガバイト GA-Z270-Gaming K3,INTEL Z270 | ATX | LGA 1151,-
ギガバイト MH60-RE1,INTEL C612 | LGA 2011-3,-
Supermicro X11SSM-F,INTEL C236 | MicroATX | LGA 1151,43000
ギガバイト GA-Z270N-Gaming 5,INTEL Z270 | Mini ITX | LGA 1151 | 2017-03-18発売,-
ASRock H310M-DGS,INTEL H310 | MicroATX | LGA 1151,-
MSI X370 XPOWER GAMING TITANIUM,AMD X370 | ATX | Socket AM4 | USB Type-C | 2017-03-03発売,28800
Supermicro X7SBT,INTEL X48+ICH9R | Proprietary | LGA 775,50898
MSI Z370M MORTAR,INTEL Z370 | MicroATX | LGA 1151 | 2017-11-18発売,9980
MSI H310M PRO-M2,INTEL H310 | MicroATX | LGA 1151 | 2018-04-03発売,-
ギガバイト GA-AB350M-D3H,AMD B350 | MicroATX | Socket AM4 | 2017-04-08発売,-
ASUS H81M-C,INTEL H81 | MicroATX | LGA 1150,-
MSI E3M WORKSTATION V5,INTEL C232 | MicroATX | LGA 1151 | 2016-05-28発売,-
ASUS PRIME H270M-PLUS,INTEL H270 | MicroATX | LGA 1151 | 2017-01-06発売,-
ギガバイト MP30-AR1,MicroATX,-
ASUS ROG MAXIMUS XI CODE,INTEL Z390 | ATX | LGA 1151 | USB Type-C | 2018-10-01発売,-
ASUS ROG RAMPAGE V EDITION 10,INTEL X99 | Extended | LGA 2011-3 | 2016-08-12発売,-
MSI H110M PRO-VH PLUS,INTEL H110 | MicroATX | LGA 1151 | 2017-07-01発売,-
ASRock H270M Pro4,INTEL H270 | MicroATX | LGA 1151 | 2017-01-06発売,-
Biostar H310MHD PRO,INTEL H310 | MicroATX | LGA 1151 | 2018-04-13発売,-
MSI Z270 KRAIT GAMING,INTEL Z270 | ATX | LGA 1151 | 2017-01-06発売,-
ASUS PRIME H310I-PLUS,INTEL H310 | Mini ITX | LGA 1151 | 2018-04-27発売,-
Supermicro X10SDV-2C-7TP4F,FlexATX,81294
MSI B450M MORTAR,AMD B450 | MicroATX | Socket AM4 | USB Type-C | 2019-04-05発売,-
ギガバイト H370N WIFI,INTEL H370 | Mini ITX | LGA 1151 | USB Type-C | 2018-04-03発売,14278
ギガバイト AORUS GA-Z270X-Gaming 5,INTEL Z270 | ATX | LGA 1151 | 2017-01-06発売,-
Supermicro X9DRD-LF,INTEL C602 | Extended | LGA 2011,67728
Supermicro A1SQN-E,,22029
MSI A320M BAZOOKA,AMD A320 | MicroATX | Socket AM4,-
Supermicro A2SDI-12C-HLN4F,Mini ITX,98430
ASUS ROG MAXIMUS IX CODE,INTEL Z270 | ATX | LGA 1151 | 2017-01-06発売,-
ASUS PRIME B360-PLUS,INTEL B360 | ATX | LGA 1151 | 2018-04-20発売,-
ギガバイト AORUS GA-AX370-Gaming K7,AMD X370 | ATX | Socket AM4 | USB Type-C,26800
ギガバイト GA-X150M-PRO ECC,INTEL C232 | MicroATX | LGA 1151,-
Supermicro X11SSH-GF-1585L,INTEL C236 | MicroATX,124958
MSI H310M GAMING PLUS,INTEL H310 | MicroATX | LGA 1151 | 2018-04-03発売,-
ギガバイト GA-X99P-SLI,INTEL X99 | ATX | LGA 2011-3 | 2016-05-14発売,-
MSI X299 GAMING PRO CARBON,INTEL X299 | ATX | LGA 2066 | 2017-07-14発売,-
Supermicro X10SRM-F,INTEL C612 | MicroATX | LGA 2011-3,55488
Supermicro X10DRL-LN4,INTEL C612 | ATX | LGA 2011-3,48939
ギガバイト GA-X170-EXTREME ECC,INTEL C236 | ATX | LGA 1151,-
MSI Z370 KRAIT GAMING,INTEL Z370 | ATX | LGA 1151,-
リコー FB21-L2S,INTEL C246 | ATX | LGA 1151,-
MSI H170I PRO AC,INTEL H170 | Mini ITX | LGA 1151 | 2016-01-30発売,-
Supermicro X9DRW-7TPF+,INTEL C602J | Proprietary | LGA 2011,131070
MSI MEG Z390 GODLIKE,INTEL Z390 | Extended | LGA 1151 | USB Type-C | 2018-10-09発売,-
Supermicro X9DRW-CTF31,INTEL C602J | Proprietary | LGA 2011,130574
ASRock X570 AQUA,AMD X570 | Extended | Socket AM4 | USB Type-C | Thunderbolt 3 | Wi-Fi 6 | 2019-09-28発売,-
Supermicro X10SDV-F,Mini ITX,122199
Supermicro X10SLL+-F,INTEL C222 | MicroATX | LGA 1150,33864
Supermicro X9DBi-F,INTEL C602 | LGA 1356,59568
ASUS SABERTOOTH Z170 S,INTEL Z170 | ATX | LGA 1151 | 2016-06-11発売,-
ASRock J3710-ITX,Mini ITX | 2016-06-03発売,-
ASRock EP2C622D16NM,INTEL C622 | SSI EEB | LGA 3647,78595
MSI H310-F PRO,INTEL H310 | ATX | LGA 1151 | 2018-04-10発売,32300
ギガバイト GA-H81M-S2H GSM,INTEL H81 | MicroATX | LGA 1150,-
Supermicro X10DRH-CT,INTEL C612 | Extended | LGA 2011-3,115450
Biostar J3060NH,Mini ITX | 2019-06-21発売,-
ギガバイト GA-Z270-Gaming K3,INTEL Z270 | ATX | LGA 1151,-
ギガバイト MH60-RE1,INTEL C612 | LGA 2011-3,-
Supermicro X11SSM-F,INTEL C236 | MicroATX | LGA 1151,43000
ギガバイト GA-Z270N-Gaming 5,INTEL Z270 | Mini ITX | LGA 1151 | 2017-03-18発売,-
ASRock H310M-DGS,INTEL H310 | MicroATX | LGA 1151,-
MSI X370 XPOWER GAMING TITANIUM,AMD X370 | ATX | Socket AM4 | USB Type-C | 2017-03-03発売,28800
Supermicro X7SBT,INTEL X48+ICH9R | Proprietary | LGA 775,50898
MSI Z370M MORTAR,INTEL Z370 | MicroATX | LGA 1151 | 2017-11-18発売,9980
MSI H310M PRO-M2,INTEL H310 | MicroATX | LGA 1151 | 2018-04-03発売,-
ギガバイト GA-AB350M-D3H,AMD B350 | MicroATX | Socket AM4 | 2017-04-08発売,-
ASUS H81M-C,INTEL H81 | MicroATX | LGA 1150,-
MSI E3M WORKSTATION V5,INTEL C232 | MicroATX | LGA 1151 | 2016-05-28発売,-
ASUS PRIME H270M-PLUS,INTEL H270 | MicroATX | LGA 1151 | 2017-01-06発売,-
ギガバイト MP30-AR1,MicroATX,-
ASUS ROG MAXIMUS XI CODE,INTEL Z390 | ATX | LGA 1151 | USB Type-C | 2018-10-01発売,-
ASUS ROG RAMPAGE V EDITION 10,INTEL X99 | Extended | LGA 2011-3 | 2016-08-12発売,-
MSI H110M PRO-VH PLUS,INTEL H110 | MicroATX | LGA 1151 | 2017-07-01発売,-
ASRock H270M Pro4,INTEL H270 | MicroATX | LGA 1151 | 2017-01-06発売,-
Biostar H310MHD PRO,INTEL H310 | MicroATX | LGA 1151 | 2018-04-13発売,-
MSI Z270 KRAIT GAMING,INTEL Z270 | ATX | LGA 1151 | 2017-01-06発売,-
ASUS PRIME H310I-PLUS,INTEL H310 | Mini ITX | LGA 1151 | 2018-04-27発売,-
Supermicro X10SDV-2C-7TP4F,FlexATX,81294
MSI B450M MORTAR,AMD B450 | MicroATX | Socket AM4 | USB Type-C | 2019-04-05発売,-
ギガバイト H370N WIFI,INTEL H370 | Mini ITX | LGA 1151 | USB Type-C | 2018-04-03発売,14278
ギガバイト AORUS GA-Z270X-Gaming 5,INTEL Z270 | ATX | LGA 1151 | 2017-01-06発売,-
Supermicro X9DRD-LF,INTEL C602 | Extended | LGA 2011,67728
Supermicro A1SQN-E,,22029
MSI Z270 GAMING PRO CARBON,INTEL Z270 | ATX | LGA 1151 | 2017-01-06発売,-
ギガバイト GA-Z170X-Ultra Gaming,INTEL Z170 | ATX | LGA 1151 | 2016-01-01発売,-
MSI H270M MORTAR ARCTIC,INTEL H270 | MicroATX | LGA 1151 | 2017-01-06発売,-
ASUS PRIME B350-PLUS,AMD B350 | ATX | Socket AM4 | 2017-03-03発売,-
ギガバイト GA-AB350M-HD3,AMD B350 | MicroATX | Socket AM4,-
Supermicro X10DRW-E,INTEL C612 | Proprietary | LGA 2011-3,68850
ギガバイト GA-6LISL,INTEL C226 | Mini ITX | LGA 1150,-
Supermicro X9SPV-M4,INTEL QM77 | Mini ITX,110568
Supermicro C7B250-CB-ML,INTEL B250 | MicroATX | LGA 1151 | 2017-09-08発売,-
ASRock C70M1 R2.0,AMD A50M | Mini ITX,-
ギガバイト GA-F2A88XM-D3HP,AMD A88X | MicroATX | Socket FM2+/FM2 | 2016-02-13発売,-
Supermicro A2SDI-2C-HLN4F,Mini ITX,40290
Supermicro X9DRW-iTPF,INTEL C602 | Proprietary | LGA 2011,97308
ギガバイト Z370N WIFI,INTEL Z370 | Mini ITX | LGA 1151 | USB Type-C | 2017-11-02発売,22800
ギガバイト GA-Z270X-UD5,INTEL Z270 | ATX | LGA 1151 | 2017-01-21発売,-
Supermicro A1SRM-LN5F-2358,MicroATX,43248
ASUS P10S-I,INTEL C232 | Mini ITX | LGA 1151,26839
ASRock X399 Phantom Gaming 6,AMD X399 | ATX | Socket TR4 | USB Type-C | 2018-12-07発売,-
ASRock H110M-DVS R2.0,INTEL H110 | MicroATX | LGA 1151,-
MSI B350 KRAIT GAMING,AMD B350 | ATX | Socket AM4,-
Supermicro A1SAi-2550F,Mini ITX,47840
Supermicro X10SDV-8C-TLN4F+,Mini ITX,135456
Supermicro X9SCM-IIF,INTEL C204 | MicroATX | LGA 1155,42228
ギガバイト GA-6LXGL,INTEL C224 | ATX | LGA 1150,-
ASUS PRIME A320M-A/CSM,AMD A320 | MicroATX | Socket AM4,-
MSI A320M GRENADE,AMD A320 | MicroATX | Socket AM4,-
ギガバイト GA-7PPSH2,INTEL C602 | LGA 2011,-
ギガバイト B360M D3H,INTEL B360 | MicroATX | LGA 1151,-
ASRock B85M Pro3,INTEL B85 | MicroATX | LGA 1150,-
MSI B350M BAZOOKA,AMD B350 | MicroATX | Socket AM4 | 2017-04-08発売,-
ASRock Z390 Taichi,INTEL Z390 | ATX | LGA 1151 | USB Type-C | 2018-10-09発売,-
MSI B360M GAMING PLUS,INTEL B360 | MicroATX | LGA 1151 | USB Type-C | 2018-04-03発売,-
ASUS PRIME H370-PLUS,INTEL H370 | ATX | LGA 1151,-
Supermicro X11SSW-4TF,INTEL C236 | Proprietary | LGA 1151,-
ギガバイト X299 AORUS Gaming 7,INTEL X299 | ATX | LGA 2066 | 2017-06-26発売,71819
ASUS M5A97 LE R2.0,AMD 970+SB950 | ATX | Socket AM3+/AM3,-
ASRock H170 Pro4/Hyper,INTEL H170 | ATX | LGA 1151 | 2016-04-08発売,-
MSI Z270M MORTAR,INTEL Z270 | MicroATX | LGA 1151 | 2017-02-25発売,-
ASRock FM2A88M Pro3+,AMD A88X | MicroATX | Socket FM2+/FM2 | 2016-02-12発売,-
ASRock J3060B-ITX,Mini ITX | 2016-01-01発売,-
Biostar H170GT3,INTEL H170 | MicroATX | LGA 1151 | 2016-04-22発売,-
MSI B250M PRO-VD,INTEL B250 | MicroATX | LGA 1151,-
ASUS PRIME B450M-K,AMD B450 | MicroATX | Socket AM4 | 2018-07-31発売,6980
Supermicro X8DTU-6F+-LR,INTEL 5520+ICH10R+IOH-36D | Proprietary | LGA 1366,120054
Supermicro A2SDI-H-TF,Mini ITX,83130
ギガバイト MW31-SP0,INTEL C236 | ATX | LGA 1151,51259
Supermicro X9DRW-3TF+,INTEL C606 | Proprietary | LGA 2011,109854
MSI Z270 SLI PLUS,INTEL Z270 | ATX | LGA 1151,-
MSI A320M PRO-E,AMD A320 | MicroATX | Socket AM4 | 2019-04-05発売,-
ASUS A88X-PLUS/USB 3.1,AMD A88X | ATX | Socket FM2+/FM2 | 2016-06-24発売,-
MSI X470 GAMING PRO,AMD X470 | ATX | Socket AM4 | 2018-07-07発売,-
ECS H110S-2P,INTEL H110 | Mini STX | LGA 1151 | 2016-09-17発売,-
MSI H310M PRO-VH,INTEL H310 | MicroATX | LGA 1151 | 2018-04-03発売,-
Intel DBS2600CW2R,INTEL C612 | SSI EEB | LGA 2011-3,-
Supermicro X9SKV-1125,INTEL 8903 | FlexATX,117199
Supermicro X10SDV-16C-TLN4F+,Mini ITX,324360
ASUS PRIME X299-A,INTEL X299 | ATX | LGA 2066 | USB Type-C | 2017-06-27発売,-
ギガバイト GA-X170-WS ECC,INTEL C236 | ATX | LGA 1151 | 2016-08-06発売,-
MSI X299M GAMING PRO CARBON AC,INTEL X299 | MicroATX | LGA 2066 | 2017-08-26発売,-
ASUS ROG STRIX B365-G GAMING,INTEL B365 | MicroATX | LGA 1151 | 2019-06-07発売,-
Supermicro C9X299-PG300,INTEL X299 | ATX | LGA 2066 | USB Type-C | 2018-09-07発売,-
ASUS B150M PRO GAMING,INTEL B150 | MicroATX | LGA 1151 | 2016-06-03発売,-
ASRock E3V5 WS,INTEL C232 | ATX | LGA 1151 | 2016-01-29発売,-
Supermicro H11SSW-NT,Proprietary | Socket SP3,90900
ギガバイト GA-X150M-PLUS WS,INTEL C232 | MicroATX | LGA 1151,-
Supermicro X9DRD-CT+,INTEL C602 | LGA 2011,121992
MSI X299 SLI PLUS,INTEL X299 | ATX | LGA 2066 | USB Type-C | 2017-06-27発売,32980
ASRock J3455 Pro BTC+,,-
Biostar X470GT8,AMD X470 | ATX | Socket AM4 | 2018-05-11発売,-
Supermicro X9DRL-7F,INTEL C602J | ATX | LGA 2011,84660
MSI X299 GAMING M7 ACK,INTEL X299 | ATX | LGA 2066 | USB Type-C | 2017-06-27発売,43100
ギガバイト GA-6LISL,INTEL C226 | Mini ITX | LGA 1150,-
Supermicro X9SPV-M4,INTEL QM77 | Mini ITX,110568
Supermicro C7B250-CB-ML,INTEL B250 | MicroATX | LGA 1151 | 2017-09-08発売,-
ASRock C70M1 R2.0,AMD A50M | Mini ITX,-
ギガバイト GA-F2A88XM-D3HP,AMD A88X | MicroATX | Socket FM2+/FM2 | 2016-02-13発売,-
Supermicro A2SDI-2C-HLN4F,Mini ITX,40290
ASRock Z270 Taichi,INTEL Z270 | ATX | LGA 1151 | 2017-01-01発売,-
ギガバイト Z390 AORUS PRO WIFI,INTEL Z390 | ATX | LGA 1151 | USB Type-C,-
Supermicro X11SPA-TF,INTEL C621 | Extended | LGA 3647 | USB Type-C,76999
Biostar X370GT3,AMD X370 | MicroATX | Socket AM4 | 2017-04-28発売,-
ASUS B150I PRO GAMING/AURA,INTEL B150 | Mini ITX | LGA 1151 | 2016-04-22発売,-
ASUS PRIME H310M-D,INTEL H310 | MicroATX | LGA 1151,-
ギガバイト X299 AORUS Ultra Gaming,INTEL X299 | ATX | LGA 2066,-
ASRock X370 Taichi,AMD X370 | ATX | Socket AM4 | USB Type-C | 2017-03-03発売,-
Colorful CVN X570 GAMING PRO V14,AMD X570 | ATX | Socket AM4 | USB Type-C | 2019-07-01発売,-
MSI B250I GAMING PRO AC,INTEL B250 | Mini ITX | LGA 1151 | 2017-01-06発売,-
MSI B360M MORTAR TITANIUM,INTEL B360 | MicroATX | LGA 1151 | USB Type-C | 2018-04-10発売,-
MSI X399 SLI PLUS,AMD X399 | ATX | Socket TR4 | USB Type-C | 2017-10-28発売,-
ASRock Z97M WS,INTEL Z97 | MicroATX | LGA 1150,-
Supermicro SuperO C9Z390-CG,INTEL Z390 | ATX | LGA 1151 | USB Type-C,35969
ASUS PRIME B350M-A,AMD B350 | MicroATX | Socket AM4,-
ASRock H310M-HDV/M.2,INTEL H310 | MicroATX | LGA 1151 | 2018-04-03発売,8080
MSI B360I GAMING PRO AC,INTEL B360 | Mini ITX | LGA 1151 | 2018-04-10発売,-
MSI B150M MORTAR,INTEL B150 | MicroATX | LGA 1151 | 2016-01-30発売,-
MSI A320M PRO-VD/S,AMD A320 | MicroATX | Socket AM4 | 2018-10-27発売,-
Supermicro X8DAH+-LR,INTEL 5520+ICH10R+2x IOH-36D | LGA 1366,-
Supermicro X11SSH-LN4F,INTEL C236 | MicroATX | LGA 1151,41789
MSI X470 GAMING PLUS,AMD X470 | ATX | Socket AM4 | 2018-04-19発売,-
ギガバイト GA-7PESH1,INTEL C602 | LGA 2011,-
MSI B150M PRO-VH,INTEL B150 | MicroATX | LGA 1151 | 2016-09-10発売,-
Supermicro X9SCV-QV4,INTEL QM67 | Mini ITX | Socket G2,44268
Biostar A10N-8800E,Mini ITX | 2019-02-08発売,-
ASUS PRIME B250M-PLUS,INTEL B250 | MicroATX | LGA 1151,-
MSI B450M GAMING PLUS,AMD B450 | MicroATX | Socket AM4 | USB Type-C | 2018-07-31発売,-
ASUS H170I-PLUS D3,INTEL H170 | Mini ITX | LGA 1151,-
Supermicro X9SPV-M4-3UE,INTEL QM77 | Mini ITX,107406
ASUS ROG STRIX Z370-G GAMING (WI-FI AC),INTEL Z370 | MicroATX | LGA 1151,-
MSI Z170A SLI,INTEL Z170 | ATX | LGA 1151,-
ギガバイト GA-B150-HD3,INTEL B150 | ATX | LGA 1151,-
ASRock B150M Pro4S,INTEL B150 | MicroATX | LGA 1151,-
Supermicro X11SPA-TF,INTEL C621 | Extended | LGA 3647 | USB Type-C,76999
Biostar X370GT3,AMD X370 | MicroATX | Socket AM4 | 2017-04-28発売,-
ASUS B150I PRO GAMING/AURA,INTEL B150 | Mini ITX | LGA 1151 | 2016-04-22発売,-
ASUS PRIME H310M-D,INTEL H310 | MicroATX | LGA 1151,-
ASRock J4205-ITX,Mini ITX | 2016-10-21発売,-
Supermicro X10DRL-CT,INTEL C612 | ATX | LGA 2011-3,102739
MSI Z270 TOMAHAWK,INTEL Z270 | ATX | LGA 1151,-
MSI B250M GAMING PRO,INTEL B250 | MicroATX | LGA 1151 | 2017-01-06発売,-
ASRock X370 Pro4,AMD X370 | ATX | Socket AM4 | USB Type-C | 2018-03-02発売,-
Biostar B250GTN,INTEL B250 | Mini ITX | LGA 1151 | 2017-04-14発売,-
MSI B150M MORTAR,INTEL B150 | MicroATX | LGA 1151 | 2016-01-30発売,-
MSI A320M PRO-VD/S,AMD A320 | MicroATX | Socket AM4 | 2018-10-27発売,-
Supermicro X8DAH+-LR,INTEL 5520+ICH10R+2x IOH-36D | LGA 1366,-
Supermicro X11SSH-LN4F,INTEL C236 | MicroATX | LGA 1151,41789
MSI X470 GAMING PLUS,AMD X470 | ATX | Socket AM4 | 2018-04-19発売,-
ギガバイト GA-7PESH1,INTEL C602 | LGA 2011,-
Supermicro C7H270-CG-ML,INTEL H270 | MicroATX | LGA 1151 | 2017-01-06発売,-
ASRock Z370 Extreme4,INTEL Z370 | ATX | LGA 1151 | USB Type-C | 2017-11-02発売,-
ASRock Fatal1ty Z370 Gaming-ITX/ac,INTEL Z370 | Mini ITX | LGA 1151 | USB Type-C | Thunderbolt 3 | 2017-11-02発売,-
ASRock B360M Pro4,INTEL B360 | MicroATX | LGA 1151 | USB Type-C | 2018-04-01発売,-
MSI H110M GAMING,INTEL H110 | MicroATX | LGA 1151 | 2016-01-23発売,-
ギガバイト GA-H170M-D3H-GSM,INTEL H170 | MicroATX | LGA 1151,-
Supermicro X10SDV-2C-TP4F,FlexATX,63852
Supermicro X10SBA-L,Mini ITX,28050
Supermicro X11SPi-TF,INTEL C622 | ATX | LGA 3647,65699
ギガバイト GA-6LASH,INTEL C222 | MicroATX | LGA 1150,-
ASRock Z390 Steel Legend,INTEL Z390 | ATX | LGA 1151 | USB Type-C | 2019-04-26発売,17578
ASUS E3M-ET V5,INTEL C232 | MicroATX | LGA 1151 | 2016-05-13発売,-
Supermicro X9SKV-1105,INTEL 8903 | FlexATX,105672
MSI B350M MORTAR ARCTIC,AMD B350 | MicroATX | Socket AM4,-
Supermicro X11DDW-L,INTEL C621 | Proprietary | LGA 3647,82500
Supermicro X10SLX-F,INTEL C222 | ATX | LGA 1150,43350
ギガバイト MH70-HD0,INTEL C612 | LGA 2011-3,-
Supermicro X11SSW-F,INTEL C236 | Proprietary | LGA 1151,46308
Supermicro A1SA7-2750F,Proprietary,84456
MSI Z270 GAMING PRO CARBON,INTEL Z270 | ATX | LGA 1151 | 2017-01-06発売,-
ギガバイト MB10-DS1,Mini ITX,-
MSI Z270 GAMING PRO,INTEL Z270 | ATX | LGA 1151 | 2017-02-25発売,-
Supermicro X11SPH-nCTF,INTEL C622 | ATX | LGA 3647,80299
Supermicro X11SAT,INTEL C236 | ATX | LGA 1151 | USB Type-C,42636
ASUS ROG CROSSHAIR VI HERO,AMD X370 | ATX | Socket AM4 | USB Type-C,16980
MSI B450M BAZOOKA PLUS,AMD B450 | MicroATX | Socket AM4 | 2018-07-31発売,-
ASUS PRIME TRX40-PRO,AMD TRX40 | ATX | Socket sTRX4 | USB Type-C,61000
Supermicro H11SSW-IN,Proprietary | Socket SP3,92500
ASUS ROG STRIX Z390-H GAMING,INTEL Z390 | ATX | LGA 1151,23980
Intel DBS2600CWTSR,INTEL C612 | SSI EEB | LGA 2011-3,-
ギガバイト MB10-DS1,Mini ITX,-
MSI Z270 GAMING PRO,INTEL Z270 | ATX | LGA 1151 | 2017-02-25発売,-
Supermicro X11SPH-nCTF,INTEL C622 | ATX | LGA 3647,80299
Supermicro X11SAT,INTEL C236 | ATX | LGA 1151 | USB Type-C,42636
ASUS B150 PRO GAMING,INTEL B150 | ATX | LGA 1151 | 2016-02-26発売,-
ギガバイト X399 AORUS XTREME,AMD X399 | Extended | Socket TR4 | USB Type-C | 2018-08-22発売,-
ASUS ROG STRIX Z390-F GAMING,INTEL Z390 | ATX | LGA 1151 | USB Type-C | 2018-10-09発売,28751
Biostar B350GT3,AMD B350 | MicroATX | Socket AM4 | 2017-03-03発売,-
Supermicro X9DRD-EF,INTEL C602J | Extended | LGA 2011,66912
ギガバイト GA-7PPSH,INTEL C602 | SSI EEB | LGA 2011,-
Supermicro X10DRC-LN4+,INTEL C612 | LGA 2011-3,118798
ASUS ROG MAXIMUS X HERO (WI-FI AC),INTEL Z370 | ATX | LGA 1151 | 2017-11-10発売,-
ASUS ROG STRIX X470-F GAMING,AMD X470 | ATX | Socket AM4 | USB Type-C | 2018-04-19発売,-
Supermicro X10SDV-2C-TLN2F,Mini ITX,60579
ASUS ROG MAXIMUS X HERO (WI-FI AC),INTEL Z370 | ATX | LGA 1151 | 2017-11-10発売,-
ASUS ROG STRIX X470-F GAMING,AMD X470 | ATX | Socket AM4 | USB Type-C | 2018-04-19発売,-
Supermicro X10SDV-2C-TLN2F,Mini ITX,60579
ギガバイト H310N 2.0,INTEL H310 | Mini ITX | LGA 1151 | 2019-07-05発売,-
Supermicro X9SBAA,Mini ITX,45186
Supermicro X11SSW-TF,INTEL C236 | Proprietary | LGA 1151,-
MSI H110M-A PRO M2,INTEL H110 | MicroATX | LGA 1151 | 2016-11-05発売,-
ASRock Fatal1ty E3V5 Performance Gaming/OC,INTEL C232 | ATX | LGA 1151 | 2016-04-08発売,-
ASUS TUF H310-PLUS GAMING,INTEL H310 | ATX | LGA 1151 | 2018-04-27発売,-
MSI B360M PRO-VH,INTEL B360 | MicroATX | LGA 1151 | 2018-04-03発売,-
Supermicro X7SPT-DF-D525+,INTEL ICH9R | Proprietary,81498
ギガバイト MW50-SV0,INTEL C612 | ATX | LGA 2011-3,49939
Supermicro X8DTN+-F-LR,INTEL 5520+ICH10R+IOH-36D | LGA 1366,72930
ASRock E3C236D4M-4L,INTEL C236 | ATX | LGA 1151,36410
ギガバイト GA-X99-Ultra Gaming,INTEL X99 | ATX | LGA 2011-3 | 2016-07-02発売,-
ASRock AB350M-HDV R4.0,AMD B350 | MicroATX | Socket AM4 | 2018-12-01発売,7678
ASUS PRIME A320M-K/CSM,AMD A320 | MicroATX | Socket AM4,6979
MSI X299 XPOWER GAMING AC,INTEL X299 | Extended | LGA 2066 | 2017-07-21発売,-
Supermicro H11SSL-NC,ATX | Socket SP3,83500
Supermicro A2SDI-H-TP4F,Mini ITX,129800
Supermicro X11SSH-GTF-1585,INTEL C236 | MicroATX,150918
ASUS X99-A II,INTEL X99 | ATX | LGA 2011-3 | 2016-05-27発売,-
ギガバイト X299 AORUS Gaming 9,INTEL X299 | ATX | LGA 2066 | 2017-06-26発売,-
MSI B450M MORTAR TITANIUM,AMD B450 | MicroATX | Socket AM4 | USB Type-C | 2018-08-11発売,-
Supermicro X10DRD-LTP,INTEL C612 | Extended | LGA 2011-3,75814
ASRock H570 Phantom Gaming 4,INTEL H570 | ATX | LGA 1200 | USB Type-C | 2021-03-05発売,-
ASRock Z590 Taichi,INTEL Z590 | ATX | LGA 1200 | USB Type-C | Wi-Fi 6 | 2021-03-05発売,-
Supermicro X8DTU-F,INTEL 5520+ICH10R+IOH-36D | Proprietary | LGA 1366,72930
ASRock Z590 PG Velocita,INTEL Z590 | ATX | LGA 1200 | USB Type-C | Wi-Fi 6 | 2021-03-05発売,-
ASRock Z590 Extreme,INTEL Z590 | ATX | LGA 1200 | USB Type-C | 2021-03-05発売,-
Supermicro X9SCI-LN4,INTEL C204 | ATX | LGA 1155,42534
MSI B365M PRO-VH,INTEL B365 | MicroATX | LGA 1151 | 2019-07-19発売,8055
Biostar TB250-BTC+,INTEL B250 | ATX | LGA 1151 | 2017-08-10発売,19380
ASUS Z490-GUNDAM (WI-FI),INTEL Z490 | ATX | LGA 1200 | USB Type-C | Wi-Fi 6 | 2021-02-26発売,-
MSI H270 TOMAHAWK ARCTIC DETONATOR EDITION,INTEL H270 | ATX | LGA 1151 | 2017-03-04発売,-
Supermicro X8DTU-6TF+,INTEL 5520+ICH10R+IOH-36D | Proprietary | LGA 1366,142698
ASUS PRIME X370-A,AMD X370 | ATX | Socket AM4 | 2017-06-09発売,-
ギガバイト GA-H170M-DS3H,INTEL H170 | MicroATX | LGA 1151,-
ASRock Z590M-ITX/ax,INTEL Z590 | Mini ITX | LGA 1200 | USB Type-C | Wi-Fi 6 | 2021-03-05発売,-
ギガバイト Z390 AORUS XTREME WATERFORCE 5G,INTEL Z390 | Extended | LGA 1151 | USB Type-C | Thunderbolt 3 | 2019-05-24発売,-
Supermicro A2SDI-8C+-HLN4F,Mini ITX,81192
ASRock C2750D4I,Mini ITX,59042
ASUS PRIME B360M-A,INTEL B360 | MicroATX | LGA 1151 | USB Type-C | 2018-04-03発売,12480
Biostar B350ET2,AMD B350 | MicroATX | Socket AM4 | 2017-03-03発売,-
Supermicro X8DAH+-F-LR,INTEL 5520+ICH10R+2x IOH-36D | LGA 1366,-
Supermicro X11SSH-TF,INTEL C236 | MicroATX | LGA 1151,49700
Supermicro A1SRI-2358F,Mini ITX,36108
Supermicro X10DRD-iNT,INTEL C612 | Extended | LGA 2011-3,81322
Supermicro X7DCT-3IBXF,INTEL 5100+ICH9R | Proprietary | LGA 771,114444
Supermicro X9SCL,INTEL C202 | MicroATX | LGA 1155,32398
Supermicro X9DRD-7LN4F-JBOD,INTEL C602J | Extended | LGA 2011,84864
Supermicro M11SDV-4C-LN4F,Mini ITX,84600
ASUS P10S WS,INTEL C236 | ATX | LGA 1151 | USB Type-C | 2016-06-24発売,32449
Supermicro X10DAL-i,INTEL C612 | ATX | LGA 2011-3,52810
ギガバイト GA-H270-HD3,INTEL H270 | ATX | LGA 1151 | 2017-01-21発売,-
ASRock AB350M-HDV,AMD B350 | MicroATX | Socket AM4 | 2017-03-01発売,-
ASUS ROG MAXIMUS X APEX,INTEL Z370 | Extended | LGA 1151 | 2017-11-10発売,-
Biostar TB250-BTC PRO,INTEL B250 | ATX | LGA 1151 | 2017-07-01発売,16412
ASUS ROG STRIX Z390-E GAMING,INTEL Z390 | ATX | LGA 1151 | USB Type-C,-
Supermicro X11SSV-M4F,INTEL C236 | Mini ITX,151470
ASUS TUF Z270 MARK 1,INTEL Z270 | ATX | LGA 1151 | 2017-01-06発売,-
ASUS TUF B350M-PLUS GAMING,AMD B350 | MicroATX | Socket AM4 | 2018-02-13発売,-
Supermicro A2SAN-H,USB Type-C,37536
Supermicro C7B360-CB-MW,INTEL B360 | MicroATX | LGA 1151 | USB Type-C | 2018-05-25発売,-
MSI Z270 GAMING M7,INTEL Z270 | ATX | LGA 1151 | 2017-01-06発売,-
ギガバイト X470 AORUS GAMING 5 WIFI,AMD X470 | ATX | Socket AM4 | USB Type-C | 2018-04-19発売,-
MSI Z370 GODLIKE GAMING,INTEL Z370 | Extended | LGA 1151 | 2017-11-02発売,-
ギガバイト GA-A320M-S2H,AMD A320 | MicroATX | Socket AM4,-
ASUS PRIME B360M-K,INTEL B360 | MicroATX | LGA 1151,-
ギガバイト MW70-3S0,INTEL C612 | LGA 2011-3,91698
ASRock Fatal1ty Z270 Gaming-ITX/ac,INTEL Z270 | Mini ITX | LGA 1151 | 2017-01-27発売,-
ASUS H110M-E/M.2,INTEL H110 | MicroATX | LGA 1151,-
Supermicro C7H61,INTEL H61 | ATX | LGA 1155,-
Supermicro X10DRH-CLN4,INTEL C612 | Extended | LGA 2011-3,79517
ASRock H110M-DVS R3.0,INTEL H110 | MicroATX | LGA 1151 | 2016-10-21発売,-
ギガバイト GA-7PESH4,INTEL C602 | LGA 2011,-
ASUS ROG Dominus Extreme,INTEL C621 | SSI EEB | LGA 3647 | USB Type-C | 2019-03-22発売,-
ギガバイト GA-A320M-HD2,AMD A320 | MicroATX | Socket AM4 | 2017-04-11発売,-
Supermicro X10DRD-iNTP,INTEL C612 | Extended | LGA 2011-3,79270
ASUS PRIME H270-PLUS,INTEL H270 | ATX | LGA 1151 | 2017-01-06発売,-
Supermicro C7H61,INTEL H61 | ATX | LGA 1155,-
Supermicro X10DRH-CLN4,INTEL C612 | Extended | LGA 2011-3,79517
ASRock H110M-DVS R3.0,INTEL H110 | MicroATX | LGA 1151 | 2016-10-21発売,-
ギガバイト GA-7PESH4,INTEL C602 | LGA 2011,-
ASUS ROG Dominus Extreme,INTEL C621 | SSI EEB | LGA 3647 | USB Type-C | 2019-03-22発売,-
ギガバイト GA-A320M-HD2,AMD A320 | MicroATX | Socket AM4 | 2017-04-11発売,-
Supermicro X10DRD-iNTP,INTEL C612 | Extended | LGA 2011-3,79270
ASUS PRIME H270-PLUS,INTEL H270 | ATX | LGA 1151 | 2017-01-06発売,-
ASRock FM2A88M Extreme4+ R2.0,AMD A88X | MicroATX | Socket FM2+/FM2,-
MSI B250 PC MATE,INTEL B250 | ATX | LGA 1151,-
ASRock H310M-HDV,INTEL H310 | MicroATX | LGA 1151,-
Supermicro X9SAE,INTEL C216 | ATX | LGA 1155,-
Supermicro A2SAN-E,,35088
Supermicro X11SSZ-TLN4F,INTEL C236 | MicroATX | LGA 1151,59611
Supermicro X10DRW-N,INTEL C612 | Proprietary | LGA 2011-3,72828
Supermicro X10DRW-ET,INTEL C612 | Proprietary | LGA 2011-3,83130
ギガバイト Z370 HD3,INTEL Z370 | ATX | LGA 1151 | 2017-11-23発売,-
ASUS PRIME B250-PLUS,INTEL B250 | ATX | LGA 1151,-
Supermicro X11SAT-F,INTEL C236 | ATX | LGA 1151 | USB Type-C,49718
ASUS H170I-PRO,INTEL H170 | Mini ITX | LGA 1151 | 2016-07-01発売,-
ASUS ROG MAXIMUS X FORMULA,INTEL Z370 | ATX | LGA 1151 | 2017-12-08発売,-
ギガバイト GA-6PXSV1,INTEL C604 | ATX | LGA 2011,-
MSI MAG Z590 TOMAHAWK WIFI,INTEL Z590 | ATX | LGA 1200 | USB Type-C | Wi-Fi 6,-
ギガバイト Z390 AORUS ULTRA,INTEL Z390 | ATX | LGA 1151 | USB Type-C,-
MSI H310M PRO-VH PLUS,INTEL H310 | MicroATX | LGA 1151 | 2018-09-28発売,-
ASUS ROG MAXIMUS IX APEX,INTEL Z270 | Extended | LGA 1151 | 2017-02-24発売,-
Intel DBS2600CW2SR,INTEL C612 | SSI EEB | LGA 2011-3,-
ASRock Fatal1ty X470 Gaming-ITX/ac,AMD X470 | Mini ITX | Socket AM4 | USB Type-C | 2018-05-18発売,26179
ASUS PRIME H370-A,INTEL H370 | ATX | LGA 1151 | 2018-04-03発売,-
Supermicro X11SSQ,INTEL Q170 | MicroATX | LGA 1151,42840
ギガバイト Z370 AORUS Ultra Gaming,INTEL Z370 | ATX | LGA 1151 | 2017-11-23発売,-
ASRock Z390 Phantom Gaming 6,INTEL Z390 | ATX | LGA 1151 | USB Type-C | 2018-10-01発売,-
ギガバイト GA-B250-FinTech,INTEL B250 | ATX | LGA 1151 | 2018-03-24発売,-
Supermicro A2SAV,Mini ITX,37944
ASRock H570M Pro4,INTEL H570 | MicroATX | LGA 1200 | 2021-03-05発売,-
ASRock H570M-ITX/ac,INTEL H570 | Mini ITX | LGA 1200 | USB Type-C | 2021-03-05発売,-
ASRock Fatal1ty Z270 Gaming K6,INTEL Z270 | ATX | LGA 1151 | 2017-01-06発売,-
ASUS TUF GAMING B550M (WI-FI) ZAKU II EDITION,AMD B550 | MicroATX | Socket AM4 | USB Type-C | Wi-Fi 6 | 2021-02-26発売,-
Supermicro X10DRL-C,INTEL C612 | ATX | LGA 2011-3,82416
ASRock Fatal1ty X299 Professional Gaming i9 XE,INTEL X299 | ATX | LGA 2066 | 2017-10-01発売,-
ASUS ROG STRIX Z370-I GAMING,INTEL Z370 | Mini ITX | LGA 1151 | USB Type-C | 2017-11-02発売,-
ASUS PRIME Z270M-PLUS,INTEL Z270 | MicroATX | LGA 1151 | USB Type-C | 2017-01-06発売,-
ギガバイト H370M DS3H,INTEL H370 | MicroATX | LGA 1151,-
MSI X99A WORKSTATION,INTEL X99 | ATX | LGA 2011-3 | 2016-10-08発売,-
ギガバイト X299 AORUS Gaming 3 Pro,INTEL X299 | ATX | LGA 2066 | 2017-12-09発売,-
Supermicro X7SBT-10G,INTEL X48+ICH9R | Proprietary | LGA 775,69156
ASRock Z97M WS,INTEL Z97 | MicroATX | LGA 1150,-
Supermicro SuperO C9Z390-CG,INTEL Z390 | ATX | LGA 1151 | USB Type-C,35969
ASUS PRIME B350M-A,AMD B350 | MicroATX | Socket AM4,-
ASRock H310M-HDV/M.2,INTEL H310 | MicroATX | LGA 1151 | 2018-04-03発売,8080
MSI B360I GAMING PRO AC,INTEL B360 | Mini ITX | LGA 1151 | 2018-04-10発売,-
MSI B360M PRO-VH,INTEL B360 | MicroATX | LGA 1151 | 2018-04-03発売,-
Supermicro X7SPT-DF-D525+,INTEL ICH9R | Proprietary,81498
ギガバイト MW50-SV0,INTEL C612 | ATX | LGA 2011-3,49939
Supermicro X8DTN+-F-LR,INTEL 5520+ICH10R+IOH-36D | LGA 1366,72930
ASRock E3C236D4M-4L,INTEL C236 | ATX | LGA 1151,36410
ギガバイト GA-X99-Ultra Gaming,INTEL X99 | ATX | LGA 2011-3 | 2016-07-02発売,-
ASRock AB350M-HDV R4.0,AMD B350 | MicroATX | Socket AM4 | 2018-12-01発売,7678
ASUS PRIME A320M-K/CSM,AMD A320 | MicroATX | Socket AM4,6979
ASUS PRIME H370-A/CSM,INTEL H370 | ATX | LGA 1151,11300
Supermicro X11DPL-i,INTEL C621 | ATX | LGA 3647,62829
MSI B350 GAMING PRO CARBON,AMD B350 | ATX | Socket AM4,-
ASRock Fatal1ty H170 Performance/Hyper,INTEL H170 | ATX | LGA 1151 | 2016-04-08発売,-
ASUS PRIME X299 EDITION 30,INTEL X299 | ATX | LGA 2066 | USB Type-C | Thunderbolt 3 | Wi-Fi 6 | 2019-11-01発売,-
Supermicro X10DRH-I,INTEL C612 | Extended | LGA 2011-3,75274
MSI B450I GAMING PLUS AC,AMD B450 | Mini ITX | Socket AM4 | 2018-07-31発売,-
NZXT N7 Z390 N7-Z39XT-W1,INTEL Z390 | ATX | LGA 1151 | 2019-09-27発売,-
Supermicro X10SDV-7TP4F,FlexATX,138312
ASUS Z170-WS,INTEL Z170 | ATX | LGA 1151 | 2016-03-11発売,-
ギガバイト Z390 GAMING SLI,INTEL Z390 | ATX | LGA 1151,-
MSI Z170A KRAIT GAMING 3X,INTEL Z170 | ATX | LGA 1151 | 2016-03-12発売,-
MSI MPG Z390 GAMING EDGE AC,INTEL Z390 | ATX | LGA 1151 | USB Type-C | 2018-10-09発売,-
ASUS Pro WS C246-ACE,INTEL C246 | ATX | LGA 1151 | USB Type-C | 2019-08-23発売,-
Supermicro X9DB3-F,INTEL C606 | LGA 1356,60588
Supermicro H12SSW-NT,Proprietary | Socket SP3,82500
ASUS ROG STRIX H370-F GAMING,INTEL H370 | ATX | LGA 1151 | USB Type-C | 2018-04-20発売,16000
Supermicro X10SRG-F,INTEL C612 | Proprietary | LGA 2011-3,56610
Biostar A68N-5600,AMD A68H | Mini ITX | 2017-07-28発売,-
Supermicro M11SDV-8CT-LN4F,Mini ITX,101200
ギガバイト Z370 AORUS ULTRA GAMING WIFI-OP,INTEL Z370 | ATX | LGA 1151 | 2018-05-11発売,-
Supermicro X10SDV-4C-TLN2F,Mini ITX,78299
Biostar H110MHC Ver. 7.2,INTEL H110 | MicroATX | LGA 1151 | 2020-05-29発売,-
ギガバイト GA-Z270X-Ultra Gaming,INTEL Z270 | ATX | LGA 1151 | 2017-01-06発売,-
Supermicro X11SSM,INTEL C236 | MicroATX | LGA 1151,42000
ギガバイト GA-990FX-Gaming,AMD 990FX+SB950 | ATX | Socket AM3+/AM3 | 2016-01-15発売,21978
Supermicro X9DRFF-7G+,INTEL C602 | Proprietary | LGA 2011,119034
ギガバイト GA-6PXSVL,INTEL C602 | ATX | LGA 2011,-
MSI H270 GAMING PRO CARBON,INTEL H270 | ATX | LGA 1151 | 2017-01-14発売,-
Supermicro X10SDV-4C-TLN4F,Mini ITX,80599
MSI H110M GAMING,INTEL H110 | MicroATX | LGA 1151 | 2016-01-23発売,-
ギガバイト GA-H170M-D3H-GSM,INTEL H170 | MicroATX | LGA 1151,-
ASUS Pro WS C246-ACE,INTEL C246 | ATX | LGA 1151 | USB Type-C | 2019-08-23発売,-
Supermicro X9DB3-F,INTEL C606 | LGA 1356,60588
Supermicro H12SSW-NT,Proprietary | Socket SP3,82500
ASUS ROG STRIX H370-F GAMING,INTEL H370 | ATX | LGA 1151 | USB Type-C | 2018-04-20発売,16000
ASRock Fatal1ty X370 Gaming K4,AMD X370 | ATX | Socket AM4 | USB Type-C | 2017-03-03発売,30300
MSI E3 KRAIT GAMING V5,INTEL C232 | ATX | LGA 1151 | 2016-07-09発売,-
ASRock Z370M Pro4,INTEL Z370 | MicroATX | LGA 1151 | USB Type-C | 2017-11-02発売,18300
ASRock X299 Taichi XE,INTEL X299 | ATX | LGA 2066 | USB Type-C | 2017-10-01発売,-
ギガバイト GA-H270M-D3H,INTEL H270 | MicroATX | LGA 1151 | 2017-01-28発売,-
ギガバイト GA-Z170X-Designare,INTEL Z170 | ATX | LGA 1151 | 2016-01-01発売,-
MSI B450M PRO-VDH PLUS,AMD B450 | MicroATX | Socket AM4 | 2019-02-02発売,-
Supermicro A1SRM-2558F,MicroATX,41684
ギガバイト GA-H110-D3A,INTEL H110 | ATX | LGA 1151 | 2017-07-14発売,11000
ASUS B150I PRO GAMING/WIFI/AURA,INTEL B150 | Mini ITX | LGA 1151 | 2016-04-22発売,-
Supermicro X11SSQ-L,INTEL H110 | MicroATX | LGA 1151,20298
Biostar X470NH,AMD X470 | Mini ITX | Socket AM4 | 2019-12-12発売,11913
MSI A320M GAMING PRO,AMD A320 | MicroATX | Socket AM4 | 2017-04-29発売,-
ASRock AB350 Pro4,AMD B350 | ATX | Socket AM4 | USB Type-C | 2017-03-03発売,-
ASUS ROG STRIX X470-I GAMING,AMD X470 | Mini ITX | Socket AM4 | 2018-04-27発売,-
ギガバイト GA-Z270M-D3H,INTEL Z270 | MicroATX | LGA 1151 | 2017-01-06発売,-
Supermicro X10SDV-TP8F,FlexATX,75990
ASRock B85M-HDS R2.0,INTEL B85 | MicroATX | LGA 1150,-
Biostar X370GTN,AMD X370 | Mini ITX | Socket AM4 | 2017-04-28発売,-
Supermicro A1SRM-LN7F-2758,MicroATX,67830
ASUS PRIME Z390-P,INTEL Z390 | ATX | LGA 1151 | 2019-04-19発売,-
Supermicro X10SRG-F,INTEL C612 | Proprietary | LGA 2011-3,56610
Biostar A68N-5600,AMD A68H | Mini ITX | 2017-07-28発売,-
Supermicro M11SDV-8CT-LN4F,Mini ITX,101200
ギガバイト Z370 AORUS ULTRA GAMING WIFI-OP,INTEL Z370 | ATX | LGA 1151 | 2018-05-11発売,-
MSI B360-F PRO,INTEL B360 | ATX | LGA 1151 | 2018-04-10発売,-
ASUS TUF X470-PLUS GAMING,AMD X470 | ATX | Socket AM4 | USB Type-C | 2018-04-27発売,-
ASUS TUF B360M-E GAMING,INTEL B360 | MicroATX | LGA 1151 | 2018-04-03発売,-
Supermicro X10DRW-NT,INTEL C612 | Proprietary | LGA 2011-3,90372
MSI X99A TOMAHAWK,INTEL X99 | ATX | LGA 2011-3 | 2016-08-27発売,-
ASRock J3060M,MicroATX | 2016-01-01発売,-
ASRock A320M-HDV,AMD A320 | MicroATX | Socket AM4 | 2017-08-01発売,-
ASUS EX-B250-V7,INTEL B250 | ATX | LGA 1151 | 2017-08-18発売,-
ASUS ROG STRIX B365-F GAMING,INTEL B365 | ATX | LGA 1151 | USB Type-C | 2019-06-07発売,-
ASUS TUF B365M-PLUS GAMING (WI-FI),INTEL B365 | MicroATX | LGA 1151 | 2019-08-23発売,-
ASUS ROG STRIX X370-I GAMING,AMD X370 | Mini ITX | Socket AM4 | 2017-12-13発売,-
MSI Z270-A PRO,INTEL Z270 | ATX | LGA 1151,-
ギガバイト GA-H110M-DS2V,INTEL H110 | MicroATX | LGA 1151 | 2016-06-25発売,-
ASUS ROG MAXIMUS XI HERO (WI-FI)/CE,INTEL Z390 | ATX | LGA 1151 | USB Type-C | 2018-10-12発売,-
Supermicro H11DSi,Extended | Socket SP3,92500
MSI B350 TOMAHAWK,AMD B350 | ATX | Socket AM4 | 2017-03-03発売,-
MSI H370M BAZOOKA,INTEL H370 | MicroATX | LGA 1151 | USB Type-C | 2018-04-03発売,-
ASRock A88M-ITX/ac,AMD A88X | Mini ITX | Socket FM2+/FM2 | 2016-02-12発売,-
ASUS ROG MAXIMUS XI EXTREME,INTEL Z390 | Extended | LGA 1151 | USB Type-C | 2018-10-01発売,-
ギガバイト Z390 GAMING X,INTEL Z390 | ATX | LGA 1151,-
Supermicro X10DRH-C,INTEL C612 | Extended | LGA 2011-3,106270
ASRock Z270M Extreme4,INTEL Z270 | MicroATX | LGA 1151 | 2017-01-06発売,-
ギガバイト GA-Z170MX-Gaming 5,INTEL Z170 | MicroATX | LGA 1151,-
ギガバイト X299 AORUS Gaming 7 Pro,INTEL X299 | ATX | LGA 2066 | 2017-12-09発売,-
ASRock X399M Taichi,AMD X399 | MicroATX | Socket TR4 | USB Type-C | 2018-03-09発売,46521
ASRock Z390 Phantom Gaming-ITX/ac,INTEL Z390 | Mini ITX | LGA 1151 | USB Type-C | Thunderbolt 3 | 2018-10-09発売,-
Supermicro X9DRW-3LN4F+,INTEL C606 | Proprietary | LGA 2011,101796
MSI Z370M GAMING PRO AC,INTEL Z370 | MicroATX | LGA 1151 | USB Type-C | 2017-11-02発売,-
Supermicro X8SIT-HF,INTEL 3420 | Proprietary | LGA 1156,44472
MSI X399 GAMING PRO CARBON AC,AMD X399 | ATX | Socket TR4 | USB Type-C | 2017-08-10発売,-
ASRock AB350M Pro4,AMD B350 | MicroATX | Socket AM4 | USB Type-C | 2017-03-01発売,-
ギガバイト B550 VISION D,AMD B550 | ATX | Socket AM4 | USB Type-C | Wi-Fi 6 | 2020-06-20発売,30980
Biostar X570GT8,AMD X570 | ATX | Socket AM4 | USB Type-C | 2019-07-07発売,-
ASUS MAXIMUS VIII FORMULA,INTEL Z170 | ATX | LGA 1151 | 2016-03-05発売,-
ギガバイト Z390 AORUS XTREME,INTEL Z390 | Extended | LGA 1151 | USB Type-C | Thunderbolt 3 | 2018-12-07発売,-
ASUS ROG MAXIMUS X CODE,INTEL Z370 | ATX | LGA 1151 | 2017-12-08発売,-
ASRock FM2A88X Pro+ R2.0,AMD A88X | ATX | Socket FM2+/FM2 | 2016-02-12発売,-
ギガバイト GA-H270-Gaming 3,INTEL H270 | ATX | LGA 1151 | 2017-01-01発売,-
Supermicro X10DRD-LT,INTEL C612 | Extended | LGA 2011-3,67918
ASRock Z390 Phantom Gaming 4,INTEL Z390 | ATX | LGA 1151 | USB Type-C | 2018-10-09発売,15663
ASRock Fatal1ty X99 Professional Gaming i7,INTEL X99 | ATX | LGA 2011-3 | 2016-07-22発売,-
ASRock X299 OC Formula,INTEL X299 | ATX | LGA 2066 | 2017-09-29発売,-
ASRock X470 Taichi,AMD X470 | ATX | Socket AM4 | USB Type-C | 2018-04-19発売,-
Biostar A88MQ,AMD A88X | MicroATX | Socket FM2+/FM2 | 2016-04-22発売,-
Biostar X470GTN,AMD X470 | Mini ITX | Socket AM4 | 2018-05-11発売,-
ギガバイト GA-Z170-Gaming K3,INTEL Z170 | ATX | LGA 1151,-
ギガバイト GA-H110M-S2PV DDR3,INTEL H110 | MicroATX | LGA 1151,-
ASRock Z390 Phantom Gaming 9,INTEL Z390 | ATX | LGA 1151 | USB Type-C | 2018-10-01発売,-
Supermicro X7DCU,INTEL 5100+ICH9R | Proprietary | LGA 771,59976
Supermicro C7B360-CB-M,INTEL B360 | MicroATX | LGA 1151 | USB Type-C | 2018-05-25発売,-
Supermicro X11DPi-N,INTEL C621 | Extended | LGA 3647,71998
ギガバイト Z370M D3H,INTEL Z370 | MicroATX | LGA 1151 | USB Type-C | 2017-11-23発売,-
Biostar Hi-Fi A70U3P,AMD A70M | MicroATX | Socket FM2+/FM2 | 2016-04-22発売,-
ASRock X470 MASTER SLI,AMD X470 | ATX | Socket AM4 | USB Type-C | 2018-04-19発売,14256
ASRock Fatal1ty B360 Gaming K4,INTEL B360 | ATX | LGA 1151 | USB Type-C | 2018-04-03発売,-
MSI X370 GAMING PRO,AMD X370 | ATX | Socket AM4 | USB Type-C | 2017-04-08発売,-
MSI X470 GAMING PRO CARBON,AMD X470 | ATX | Socket AM4 | USB Type-C | 2018-04-19発売,-
ASUS E3 PRO GAMING V5,INTEL C232 | ATX | LGA 1151 | 2016-04-08発売,-
ASUS ROG MAXIMUS IX EXTREME,INTEL Z270 | Extended | LGA 1151 | 2017-06-30発売,-
MSI X99A XPOWER GAMING TITANIUM,INTEL X99 | Extended | LGA 2011-3 | 2016-07-09発売,-
Supermicro X10SDV-16C-TLN4F,Mini ITX,320892
Supermicro X10DRFF-ITG,INTEL C612 | Proprietary | LGA 2011-3,116892
ASRock Z370M-ITX/ac,INTEL Z370 | Mini ITX | LGA 1151 | 2017-11-02発売,-
ギガバイト X399 AORUS Gaming 7,AMD X399 | ATX | Socket TR4 | USB Type-C | 2017-08-10発売,-
Supermicro H11DSI-NT,Extended | Socket SP3,93800
ギガバイト G1.Sniper Z170,INTEL Z170 | ATX | LGA 1151,-
Biostar A10N-9830E,Mini ITX | 2020-05-29発売,5940
Supermicro A1SQN,,22183
Biostar A68N-2100E,Mini ITX | 2019-07-05発売,-
Supermicro X11SAE-M,INTEL C236 | MicroATX | LGA 1151,34996
MSI Z370 TOMAHAWK,INTEL Z370 | ATX | LGA 1151 | 2017-11-02発売,-
MSI H310I PRO,INTEL H310 | Mini ITX | LGA 1151 | 2018-06-02発売,18480
MSI B350M MORTAR,AMD B350 | MicroATX | Socket AM4 | 2017-04-11発売,-
ASUS P10S-V/4L,INTEL C236 | ATX | LGA 1151,30469
MSI Z270 GAMING M5,INTEL Z270 | ATX | LGA 1151 | 2017-01-06発売,-
ギガバイト GA-X150-PLUS WS,INTEL C232 | ATX | LGA 1151,-
ギガバイト Z370 HD3P,INTEL Z370 | ATX | LGA 1151,-
ギガバイト GA-6LXSG,INTEL H87 | ATX | LGA 1150,-
MSI X99A GODLIKE GAMING CARBON,INTEL X99 | Extended | LGA 2011-3 | 2016-04-16発売,-
Supermicro X11DPG-QT,INTEL C621 | Proprietary | LGA 3647,121989
Biostar TB350-BTC,AMD B350 | ATX | Socket AM4 | 2017-06-30発売,18300
Supermicro C7H61-L,INTEL H61 | ATX | LGA 1155,-
ASRock Fatal1ty X370 Gaming-ITX/ac,AMD X370 | Mini ITX | Socket AM4 | USB Type-C | 2017-07-12発売,-
ASRock Fatal1ty AB350 Gaming K4,AMD B350 | ATX | Socket AM4 | USB Type-C | 2017-03-03発売,-
Supermicro X9DRE-TF+,INTEL C602J | LGA 2011,95166
ASUS TUF H370-PRO GAMING,INTEL H370 | ATX | LGA 1151 | USB Type-C | 2018-04-03発売,9878
ASRock H110M-STX,INTEL H110 | Mini STX | LGA 1151,-
ASUS Pro WS C621-64L SAGE,INTEL C621 | CEB | LGA 3647 | USB Type-C | 2019-12-20発売,87600
Supermicro H11SSL-I,ATX | Socket SP3,69900
Supermicro X11SSA-F,INTEL C236 | ATX | LGA 1151,35198
ASRock J1900D2Y,Mini ITX,24970
Supermicro C7Z270-CG,INTEL Z270 | ATX | LGA 1151 | USB Type-C | 2017-01-06発売,-
ASRock J3455-ITX,Mini ITX | 2016-10-21発売,-
ギガバイト Z390 AORUS XTREME WATERFORCE,INTEL Z390 | Extended | LGA 1151 | USB Type-C | Thunderbolt 3 | 2019-02-15発売,-
Supermicro X11SPM-TF,INTEL C622 | MicroATX | LGA 3647,67599
Supermicro A2SAN-L,,32791
Biostar H110MH PRO D4,INTEL H110 | MicroATX | LGA 1151 | 2016-04-22発売,-
ギガバイト GA-Q170M-D3H,INTEL Q170 | MicroATX | LGA 1151,-
MSI X370 SLI PLUS,AMD X370 | ATX | Socket AM4 | USB Type-C,-
Biostar Z270GT9,INTEL Z270 | ATX | LGA 1151 | 2017-01-27発売,-
Supermicro X7SBU,INTEL X48+ICH9R | Proprietary | LGA 775,54264
ASUS H110T,INTEL H110 | Thin Mini-ITX | LGA 1151 | 2016-11-04発売,-
ギガバイト GA-7PESVL,INTEL C602 | LGA 2011,-
ASUS X99-E-10G WS,INTEL X99 | CEB | LGA 2011-3 | 2017-01-20発売,-
ASUS N3150M-E,MicroATX,-
ASRock FM2A88X Pro+ R2.0,AMD A88X | ATX | Socket FM2+/FM2 | 2016-02-12発売,-
ギガバイト GA-H270-Gaming 3,INTEL H270 | ATX | LGA 1151 | 2017-01-01発売,-
Supermicro X10DRD-LT,INTEL C612 | Extended | LGA 2011-3,67918
ASRock Z390 Phantom Gaming 4,INTEL Z390 | ATX | LGA 1151 | USB Type-C | 2018-10-09発売,15663
ASRock Fatal1ty X99 Professional Gaming i7,INTEL X99 | ATX | LGA 2011-3 | 2016-07-22発売,-
ASRock X299 OC Formula,INTEL X299 | ATX | LGA 2066 | 2017-09-29発売,-
ASRock X470 Taichi,AMD X470 | ATX | Socket AM4 | USB Type-C | 2018-04-19発売,-
Supermicro X10SDV-7TP8F,FlexATX,354654
Biostar Gaming Z170T,INTEL Z170 | ATX | LGA 1151 | 2016-04-22発売,-
Biostar H310MHC,INTEL H310 | MicroATX | LGA 1151 | 2018-08-31発売,-
Supermicro C7Q67-H,INTEL Q67 | ATX | LGA 1155,-
ASUS ROG STRIX B350-I GAMING,AMD B350 | Mini ITX | Socket AM4 | 2017-12-13発売,-
Biostar X470GTA,AMD X470 | ATX | Socket AM4 | USB Type-C | 2019-08-09発売,-
ギガバイト GA-Z270-HD3,INTEL Z270 | ATX | LGA 1151 | 2017-01-21発売,-
Biostar B350GTN,AMD B350 | Mini ITX | Socket AM4 | USB Type-C | 2017-04-28発売,-
ASRock Fatal1ty Z270 Professional Gaming i7,INTEL Z270 | ATX | LGA 1151 | 2017-02-17発売,-
Biostar B360GT3S,INTEL B360 | MicroATX | LGA 1151 | 2018-04-13発売,-
ASUS PRIME Z270-P,INTEL Z270 | ATX | LGA 1151,-
ASRock Fatal1ty Z370 Professional Gaming i7,INTEL Z370 | ATX | LGA 1151 | USB Type-C | 2017-11-02発売,-
ASRock X470 Taichi Ultimate,AMD X470 | ATX | Socket AM4 | USB Type-C | 2018-05-02発売,-
MSI Z270 MPOWER GAMING TITANIUM,INTEL Z270 | ATX | LGA 1151 | 2017-03-18発売,-
ASRock Fatal1ty X399 Professional Gaming,AMD X399 | ATX | Socket TR4 | USB Type-C | 2017-08-10発売,70500
ギガバイト Z370XP SLI,INTEL Z370 | ATX | LGA 1151,-
ASRock AD2550R/U3S3,Mini ITX,-
ASUS Z170 PRO GAMING/AURA,INTEL Z170 | ATX | LGA 1151 | 2016-09-08発売,-
Supermicro X9SPV-M4-3QE,INTEL QM77 | Mini ITX,120972
ASRock E3C224D2I,INTEL C224 | Mini ITX | LGA 1150,-
MSI H110I PRO,INTEL H110 | Mini ITX | LGA 1151 | 2016-01-30発売,-
Biostar H110M-BTC,INTEL H110 | MicroATX | LGA 1151 | 2017-10-28発売,-
Supermicro X10DRD-L,INTEL C612 | Extended | LGA 2011-3,53475
Supermicro X8DTN+-LR,INTEL 5520+ICH10R+IOH-36D | LGA 1366,79254
ASUS TUF Z270 MARK 2,INTEL Z270 | ATX | LGA 1151,-
ギガバイト Z370 AORUS ULTRA GAMING 2.0,INTEL Z370 | ATX | LGA 1151 | 2018-02-24発売,-
ASRock E3C226D2I,INTEL C226 | Mini ITX | LGA 1150,30030
ASUS PRIME H270M-PLUS/CSM,INTEL H270 | MicroATX | LGA 1151,-
ギガバイト MB10-DS4,Mini ITX,89454
MSI 970A GAMING PRO CARBON,AMD 970+SB950 | ATX | Socket AM3+/AM3 | 2016-10-08発売,-
MSI Z270I GAMING PRO CARBON AC,INTEL Z270 | Mini ITX | LGA 1151 | 2017-01-06発売,-
MSI Z270 TOMAHAWK OPT BOOST,INTEL Z270 | ATX | LGA 1151 | 2017-06-10発売,-
ASUS TUF Z370-PRO GAMING,INTEL Z370 | ATX | LGA 1151,-
Supermicro M11SDV-8C-LN4F,Mini ITX,124500
ASUS PRIME B250M-C/CSM,INTEL B250 | MicroATX | LGA 1151,-
MSI Z270 XPOWER GAMING TITANIUM,INTEL Z270 | ATX | LGA 1151 | 2017-01-06発売,-
MSI B250 GAMING M3,INTEL B250 | ATX | LGA 1151,-
ASRock E3C236D2I,INTEL C236 | Mini ITX | LGA 1151,30580
Supermicro X11SPM-TF,INTEL C622 | MicroATX | LGA 3647,67599
Supermicro A2SAN-L,,32791
Biostar H110MH PRO D4,INTEL H110 | MicroATX | LGA 1151 | 2016-04-22発売,-
ギガバイト GA-Q170M-D3H,INTEL Q170 | MicroATX | LGA 1151,-
MSI X370 SLI PLUS,AMD X370 | ATX | Socket AM4 | USB Type-C,-
Biostar Z270GT9,INTEL Z270 | ATX | LGA 1151 | 2017-01-27発売,-
Supermicro X7SBU,INTEL X48+ICH9R | Proprietary | LGA 775,54264
ASUS H110T,INTEL H110 | Thin Mini-ITX | LGA 1151 | 2016-11-04発売,-
ギガバイト GA-7PESVL,INTEL C602 | LGA 2011,-
ASUS X99-E-10G WS,INTEL X99 | CEB | LGA 2011-3 | 2017-01-20発売,-
ASUS N3150M-E,MicroATX,-
Supermicro X10SDV-7TP8F,FlexATX,354654
Biostar Gaming Z170T,INTEL Z170 | ATX | LGA 1151 | 2016-04-22発売,-
Biostar H310MHC,INTEL H310 | MicroATX | LGA 1151 | 2018-08-31発売,-
Supermicro C7Q67-H,INTEL Q67 | ATX | LGA 1155,-
ASUS ROG STRIX B350-I GAMING,AMD B350 | Mini ITX | Socket AM4 | 2017-12-13発売,-
Biostar X470GTA,AMD X470 | ATX | Socket AM4 | USB Type-C | 2019-08-09発売,-
ギガバイト GA-Z270-HD3,INTEL Z270 | ATX | LGA 1151 | 2017-01-21発売,-
Biostar B350GTN,AMD B350 | Mini ITX | Socket AM4 | USB Type-C | 2017-04-28発売,-
ASUS J3455M-E,MicroATX | 2016-11-04発売,-
Supermicro X11DPi-NT,INTEL C622 | Extended | LGA 3647,84879
Supermicro X11SPM-TPF,INTEL C622 | MicroATX | LGA 3647,63399
Supermicro H12SSW-IN,Proprietary | Socket SP3,72800
MSI H270I GAMING PRO AC,INTEL H270 | Mini ITX | LGA 1151 | 2017-01-06発売,-
ASRock A320M Pro4,AMD A320 | MicroATX | Socket AM4,-
Supermicro X10DRL-iT,INTEL C612 | ATX | LGA 2011-3,77866
ASRock H370M-ITX/ac,INTEL H370 | Mini ITX | LGA 1151 | 2018-04-01発売,-
Biostar TB350-BTC,AMD B350 | ATX | Socket AM4 | 2017-06-30発売,18300
Supermicro C7H61-L,INTEL H61 | ATX | LGA 1155,-
Biostar B250ET2,INTEL B250 | MicroATX | LGA 1151 | 2017-07-28発売,-
MSI X470 GAMING PRO CARBON,AMD X470 | ATX | Socket AM4 | USB Type-C | 2018-04-19発売,-
ASUS E3 PRO GAMING V5,INTEL C232 | ATX | LGA 1151 | 2016-04-08発売,-
ASUS ROG MAXIMUS IX EXTREME,INTEL Z270 | Extended | LGA 1151 | 2017-06-30発売,-
MSI X99A XPOWER GAMING TITANIUM,INTEL X99 | Extended | LGA 2011-3 | 2016-07-09発売,-
Supermicro X10SDV-16C-TLN4F,Mini ITX,320892
Supermicro X10DRFF-ITG,INTEL C612 | Proprietary | LGA 2011-3,116892
ASRock Z370M-ITX/ac,INTEL Z370 | Mini ITX | LGA 1151 | 2017-11-02発売,-
ギガバイト X399 AORUS Gaming 7,AMD X399 | ATX | Socket TR4 | USB Type-C | 2017-08-10発売,-
MSI H270 TOMAHAWK ARCTIC,INTEL H270 | ATX | LGA 1151,-
Supermicro X8DTU-6F+,INTEL 5520+ICH10R+IOH-36D | Proprietary | LGA 1366,120054
ASRock X99 WS-E,INTEL X99 | Extended | LGA 2011-3 | 2016-07-15発売,-
ギガバイト AORUS GA-Z270X-Gaming 7,INTEL Z270 | ATX | LGA 1151 | 2017-01-06発売,-
ギガバイト GA-H270N-WIFI,INTEL H270 | Mini ITX | LGA 1151 | USB Type-C | 2017-01-21発売,-
ASRock H110M-G/M.2,INTEL H110 | MicroATX | LGA 1151 | 2017-06-23発売,-
ASUS ROG Zenith Extreme Alpha,AMD X399 | Extended | Socket TR4 | USB Type-C | 2019-03-01発売,-
Supermicro X10DRD-iTP,INTEL C612 | Extended | LGA 2011-3,78730
Supermicro C7Z370-CG-L,INTEL Z370 | ATX | LGA 1151 | 2018-01-26発売,-
ASUS ROG CROSSHAIR VI HERO (WI-FI AC),AMD X370 | ATX | Socket AM4,-
Supermicro H11DSI-NT,Extended | Socket SP3,93800
ギガバイト G1.Sniper Z170,INTEL Z170 | ATX | LGA 1151,-
Biostar A10N-9830E,Mini ITX | 2020-05-29発売,5940
Supermicro A1SQN,,22183
Biostar A68N-2100E,Mini ITX | 2019-07-05発売,-
Supermicro X11SAE-M,INTEL C236 | MicroATX | LGA 1151,34996
MSI Z370 TOMAHAWK,INTEL Z370 | ATX | LGA 1151 | 2017-11-02発売,-
MSI H310I PRO,INTEL H310 | Mini ITX | LGA 1151 | 2018-06-02発売,18480
MSI B350M MORTAR,AMD B350 | MicroATX | Socket AM4 | 2017-04-11発売,-
ASUS P10S-V/4L,INTEL C236 | ATX | LGA 1151,30469
MSI Z270 GAMING M5,INTEL Z270 | ATX | LGA 1151 | 2017-01-06発売,-
ギガバイト GA-X150-PLUS WS,INTEL C232 | ATX | LGA 1151,-
ギガバイト Z370 HD3P,INTEL Z370 | ATX | LGA 1151,-
ギガバイト GA-6LXSG,INTEL H87 | ATX | LGA 1150,-
MSI X99A GODLIKE GAMING CARBON,INTEL X99 | Extended | LGA 2011-3 | 2016-04-16発売,-
Supermicro X11DPG-QT,INTEL C621 | Proprietary | LGA 3647,121989
Supermicro X9DRL-EF,INTEL C602J | ATX | LGA 2011,55386
Biostar A320MH,AMD A320 | MicroATX | Socket AM4 | 2018-12-14発売,-
ギガバイト GA-6PXSVL,INTEL C602 | ATX | LGA 2011,-
ASUS TUF Z390M-PRO GAMING,INTEL Z390 | MicroATX | LGA 1151 | USB Type-C | 2018-10-09発売,-
Biostar B450GT,AMD B450 | MicroATX | Socket AM4 | 2020-06-24発売,6780
Supermicro C7Z270-CG-L,INTEL Z270 | ATX | LGA 1151 | USB Type-C | 2017-01-06発売,-
ASUS H110I-PLUS,INTEL H110 | Mini ITX | LGA 1151 | 2016-02-26発売,-
Biostar A320MH PRO,AMD A320 | MicroATX | Socket AM4 | 2017-06-16発売,-
ASRock X370 Pro BTC+,AMD X370 | Socket AM4,-
ASUS ROG MAXIMUS IX HERO,INTEL Z270 | ATX | LGA 1151 | 2017-01-06発売,-
MSI X370 GAMING PRO CARBON,AMD X370 | ATX | Socket AM4 | USB Type-C | 2017-03-11発売,12980
MSI B450M BAZOOKA,AMD B450 | MicroATX | Socket AM4,-
MSI B350M PRO-VDH,AMD B350 | MicroATX | Socket AM4 | 2017-06-03発売,10900
ASUS H170I-PRO/CSM,INTEL H170 | Mini ITX | LGA 1151,-
ASUS ROG CROSSHAIR VI EXTREME,AMD X370 | Extended | Socket AM4 | USB Type-C | 2017-09-08発売,-
Supermicro X11SSH-F,INTEL C236 | MicroATX | LGA 1151,41199
ASRock Fatal1ty Z370 Gaming K6,INTEL Z370 | ATX | LGA 1151 | USB Type-C | 2017-11-02発売,-
Supermicro X10DRC-T4+,INTEL C612 | LGA 2011-3,139318
ASUS ROG MAXIMUS IX FORMULA,INTEL Z270 | ATX | LGA 1151 | 2017-01-06発売,-
MSI C236M WORKSTATION,INTEL C236 | MicroATX | LGA 1151 | 2016-02-06発売,-
Biostar B450GT3,AMD B450 | MicroATX | Socket AM4 | USB Type-C | 2019-11-15発売,5498
MSI MEG X299 CREATION,INTEL X299 | Extended | LGA 2066 | USB Type-C | 2018-11-23発売,-
ASRock Z370 Taichi,INTEL Z370 | ATX | LGA 1151 | USB Type-C | 2017-11-02発売,-
ASUS TUF GAMING B460M-PLUS (WI-FI),INTEL B460 | MicroATX | LGA 1200 | Wi-Fi 6 | 2020-06-26発売,14200
ASUS PRIME B360M-A/CSM,INTEL B360 | MicroATX | LGA 1151 | USB Type-C,-
Supermicro X10SRM-TF,INTEL C612 | MicroATX | LGA 2011-3,52918
MSI H110M GRENADE,INTEL H110 | MicroATX | LGA 1151 | 2016-08-27発売,-
ASUS P10S-M,INTEL C232 | MicroATX | LGA 1151,29589
MSI B250M PRO-VH,INTEL B250 | MicroATX | LGA 1151 | 2017-01-06発売,-
MSI Z370 GAMING PRO CARBON AC,INTEL Z370 | ATX | LGA 1151 | USB Type-C | 2017-11-02発売,27480
Supermicro X8SIT-F,INTEL 3420 | Proprietary | LGA 1156,39270
ギガバイト GA-Z270-HD3P,INTEL Z270 | ATX | LGA 1151 | 2017-01-06発売,-
Biostar X370GT7/M200-240G,AMD X370 | ATX | Socket AM4 | 2017-03-03発売,-
ASUS ROG STRIX B360-G GAMING,INTEL B360 | MicroATX | LGA 1151 | 2018-04-27発売,-
ASUS TUF X299 MARK 2,INTEL X299 | ATX | LGA 2066 | 2017-07-14発売,-
MSI Z370I GAMING PRO CARBON AC,INTEL Z370 | Mini ITX | LGA 1151 | 2017-11-04発売,-
Supermicro X11SSH-F,INTEL C236 | MicroATX | LGA 1151,41199
ASRock Fatal1ty Z370 Gaming K6,INTEL Z370 | ATX | LGA 1151 | USB Type-C | 2017-11-02発売,-
Supermicro X10DRC-T4+,INTEL C612 | LGA 2011-3,139318
ASUS ROG MAXIMUS IX FORMULA,INTEL Z270 | ATX | LGA 1151 | 2017-01-06発売,-
MSI C236M WORKSTATION,INTEL C236 | MicroATX | LGA 1151 | 2016-02-06発売,-
Biostar B450GT3,AMD B450 | MicroATX | Socket AM4 | USB Type-C | 2019-11-15発売,5498
ASRock X370 Pro BTC+,AMD X370 | Socket AM4,-
ASUS ROG MAXIMUS IX HERO,INTEL Z270 | ATX | LGA 1151 | 2017-01-06発売,-
MSI X370 GAMING PRO CARBON,AMD X370 | ATX | Socket AM4 | USB Type-C | 2017-03-11発売,12980
MSI B450M BAZOOKA,AMD B450 | MicroATX | Socket AM4,-
MSI B350M PRO-VDH,AMD B350 | MicroATX | Socket AM4 | 2017-06-03発売,10900
ASUS H170I-PRO/CSM,INTEL H170 | Mini ITX | LGA 1151,-
ASUS ROG CROSSHAIR VI EXTREME,AMD X370 | Extended | Socket AM4 | USB Type-C | 2017-09-08発売,-
Supermicro X10SDV-2C-TP8F,FlexATX,69989
ASUS TUF Z390-PLUS GAMING,INTEL Z390 | ATX | LGA 1151 | 2018-10-09発売,14630
Supermicro X11SSZ-F,INTEL C236 | MicroATX | LGA 1151,46308
Supermicro X11SSL-CF,INTEL C232 | MicroATX | LGA 1151,40368
ASUS PRIME Z390M-PLUS,INTEL Z390 | MicroATX | LGA 1151 | 2018-10-09発売,15180
MSI MEG X299 CREATION,INTEL X299 | Extended | LGA 2066 | USB Type-C | 2018-11-23発売,-
ASRock Z370 Taichi,INTEL Z370 | ATX | LGA 1151 | USB Type-C | 2017-11-02発売,-
ASUS TUF GAMING B460M-PLUS (WI-FI),INTEL B460 | MicroATX | LGA 1200 | Wi-Fi 6 | 2020-06-26発売,14200
ASUS PRIME B360M-A/CSM,INTEL B360 | MicroATX | LGA 1151 | USB Type-C,-
Supermicro X10SRM-TF,INTEL C612 | MicroATX | LGA 2011-3,52918
Supermicro C7Q270-CB-ML,INTEL Q270 | MicroATX | LGA 1151 | 2017-01-06発売,-
MSI B450M PRO-VDH,AMD B450 | MicroATX | Socket AM4,-
ASRock Fatal1ty Z270 Gaming K6,INTEL Z270 | ATX | LGA 1151 | 2017-01-06発売,-
ASUS TUF GAMING B550M (WI-FI) ZAKU II EDITION,AMD B550 | MicroATX | Socket AM4 | USB Type-C | Wi-Fi 6 | 2021-02-26発売,-
ASRock H110M-G/M.2,INTEL H110 | MicroATX | LGA 1151 | 2017-06-23発売,-
ASUS PRIME H270-PRO,INTEL H270 | ATX | LGA 1151 | USB Type-C | 2017-01-06発売,-
