Antec NeoECO Gold NE750G,750 W | ATX | 80PLUS Gold | プラグイン対応 | 2017-12-23発売,9878
玄人志向 KRPW-BK650W/85+,650 W | ATX/EPS | 80PLUS Bronze | プラグイン対応 | 2018-01-01発売,6083
Thermaltake Toughpower Grand RGB 850W Gold PS-TPG-0850FPCGJP-R,850 W | ATX/EPS | 80PLUS Gold | プラグイン対応 | 2017-04-07発売,11528
Thermaltake Toughpower Grand RGB 1050W Platinum PS-TPG-1050F1FAPJ-1,1050 W | ATX/EPS | 80PLUS Platinum | プラグイン対応 | 2018-04-13発売,16636
玄人志向 KRPW-BK750W/85+,750 W | ATX/EPS | 80PLUS Bronze | プラグイン対応 | 2018-01-01発売,6547
Corsair RM850 CP-9020196-JP,850 W | ATX/EPS | 80PLUS Gold | プラグイン対応 | 2019-06-22発売,13177
Thermaltake Toughpower Grand RGB 1200W Platinum PS-TPG-1200F1FAPJ-1,1200 W | ATX/EPS | 80PLUS Platinum | プラグイン対応 | 2018-07-13発売,20180
FSP Hydro GSM Lite PRO 750W HGS-750M,750 W | ATX/EPS | 80PLUS Gold | プラグイン対応 | 2020-11-06発売,9230
Super Flower LEADEX PLATINUM SE 1000W-WT,1000 W | ATX/BTX/EPS | 80PLUS Platinum | プラグイン対応 | 2020-05-26発売,20089
玄人志向 KRPW-BR650W/85+,650 W | ATX/EPS | 80PLUS Bronze | 2020-07-01発売,5782
玄人志向 KRPW-GK750W/90+,750 W | ATX/EPS | 80PLUS Gold | プラグイン対応 | 2017-11-01発売,9480
Antec HCG1000 EXTREME,1000 W | ATX | 80PLUS Gold | プラグイン対応 | 2018-06-01発売,20350
Corsair CX650M CP-9020103-JP,650 W | ATX/EPS | 80PLUS Bronze | プラグイン対応 | 2016-04-02発売,6473
FSP Hydro GSM Lite PRO 650W HGS-650M,650 W | ATX/EPS | 80PLUS Gold | プラグイン対応 | 2020-11-06発売,8645
FSP HEXA 85+ 550W HA550,550 W | ATX/EPS | 80PLUS Bronze | 2020-11-21発売,4480
玄人志向 KRPW-BK450W/85+,450 W | ATX/EPS | 80PLUS Bronze | プラグイン対応 | 2018-01-01発売,5035
クーラーマスター V SFX Gold 850W MPY-8501-SFHAGV-JP,850 W | SFX | 80PLUS Gold | プラグイン対応 | 2020-11-20発売,17007
ASUS ROG-STRIX-1000W-GOLD,1000 W | ATX | 80PLUS Gold | プラグイン対応 | 2020-09-25発売,21745
Silverstone SST-ST30SF V2,300 W | SFX/ATX | 80PLUS Bronze | 2016-08-19発売,5280
Super Flower LEADEX Titanium 1000W SF-1000F14HT,1000 W | ATX/BTX/EPS | 80PLUS Titanium | プラグイン対応 | 2021-01-26発売,40976
Corsair SF750 Platinum CP-9020186-JP,750 W | SFX/ATX/EPS | 80PLUS Platinum | プラグイン対応 | 2019-02-09発売,19306
Corsair AX1600i CP-9020087-JP,1600 W | ATX/EPS | 80PLUS Titanium | プラグイン対応 | 2018-04-28発売,60682
Super Flower LEADEX PLATINUM SE 1000W-BK,1000 W | ATX/BTX/EPS | 80PLUS Platinum | プラグイン対応 | 2020-05-26発売,21148
玄人志向 KRPW-BR550W/85+,550 W | ATX/EPS | 80PLUS Bronze | 2020-07-01発売,5036
Corsair RM850x CP-9020180-JP,850 W | ATX/EPS | 80PLUS Gold | プラグイン対応 | 2018-05-26発売,14714
FSP Hydro PTM PRO 850W HPT2-850M,850 W | ATX | 80PLUS Platinum | プラグイン対応 | 2020-11-06発売,17480
FSP Hydro S 750W HS-750,750 W | ATX/EPS | 80PLUS Silver | 2020-11-06発売,7228
Antec NeoECO Gold NE550G,550 W | ATX | 80PLUS Gold | プラグイン対応 | 2017-12-23発売,8201
クーラーマスター V1300 PLATINUM MPZ-D001-AFBAPV-JP,1300 W | ATX | 80PLUS Platinum | プラグイン対応 | 2019-12-13発売,31509
Zalman WATTTERA 1200W ZM1200-EBTII,1200 W | ATX | 80PLUS Gold | プラグイン対応 | 2021-02-19発売,20900
FSP Hydro GSM Lite PRO 550W HGS-550M,550 W | ATX/EPS | 80PLUS Gold | プラグイン対応 | 2020-11-06発売,7765
玄人志向 KRPW-BK550W/85+,550 W | ATX/EPS | 80PLUS Bronze | プラグイン対応 | 2018-01-01発売,5940
Fractal Design ION+ 860P FD-PSU-IONP-860P-BK,860 W | ATX/EPS | 80PLUS Platinum | プラグイン対応 | 2019-08-09発売,20000
Super Flower LEADEX III GOLD ARGB 850W,850 W | ATX/BTX/EPS | 80PLUS Gold | プラグイン対応 | 2019-09-14発売,16477
玄人志向 KRPW-GR1000W/90+,1000 W | ATX | 80PLUS Gold | プラグイン対応 | 2020-12-01発売,18480
Seasonic FOCUS-GX-650,650 W | ATX | 80PLUS Gold | プラグイン対応,14318
Thermaltake TOUGHPOWER GX1 RGB GOLD 500W PS-TPD-0500NHFAGJ-1,500 W | ATX/EPS | 80PLUS Gold | 2018-12-21発売,6578
Seasonic PRIME-PX-1000,1000 W | ATX | 80PLUS Platinum | プラグイン対応 | 2020-06-11発売,43300
Thermaltake SMART 600W STANDARD PS-SPD-0600NPCWJP-W,600 W | ATX | 80PLUS Standard | 2016-05-04発売,5386
Corsair CX550M CP-9020102-JP,550 W | ATX/EPS | 80PLUS Bronze | プラグイン対応 | 2016-04-02発売,6182
Super Flower LEADEX III GOLD 750W,750 W | ATX/BTX/EPS | 80PLUS Gold | プラグイン対応 | 2019-09-14発売,12773
ASUS ROG-STRIX-850W-GOLD,850 W | ATX | 80PLUS Gold | プラグイン対応 | 2020-08-07発売,16810
Antec HCG850 GOLD,850 W | ATX | 80PLUS Gold | プラグイン対応 | 2018-06-09発売,15171
Super Flower LEADEX III GOLD 850W,850 W | ATX/BTX/EPS | 80PLUS Gold | プラグイン対応 | 2019-09-14発売,14827
FSP Hydro G PRO 1000W HG2-1000,1000 W | ATX | 80PLUS Gold | プラグイン対応 | 2020-12-11発売,17980
Thermaltake SMART 500W STANDARD PS-SPD-0500NPCWJP-W,500 W | ATX | 80PLUS Standard | 2016-05-04発売,4708
クーラーマスター V SFX Gold 750W MPY-7501-SFHAGV-JP,750 W | SFX | 80PLUS Gold | プラグイン対応 | 2020-11-20発売,15382
Corsair SF600 Platinum CP-9020182-JP,600 W | SFX/ATX/EPS | 80PLUS Platinum | プラグイン対応 | 2018-11-03発売,15980
クーラーマスター V850 Gold MPY-8501-AFAAGV-JP,850 W | ATX | 80PLUS Gold | プラグイン対応 | 2019-06-07発売,14278
Silverstone SST-ST1500-TI,1500 W | ATX | 80PLUS Titanium | プラグイン対応 | 2017-08-18発売,48800
Fractal Design ION+ 760P FD-PSU-IONP-760P-BK,760 W | ATX/EPS | 80PLUS Platinum | プラグイン対応 | 2019-08-09発売,17655
Super Flower LEADEX III GOLD ARGB 750W,750 W | ATX/BTX/EPS | 80PLUS Gold | プラグイン対応 | 2019-09-14発売,13527
Antec NeoECO Gold NE650G,650 W | ATX | 80PLUS Gold | プラグイン対応 | 2017-12-23発売,9470
Phanteks REVOLT X PSU PH-P1200PS,1200 W | ATX | 80PLUS Platinum | プラグイン対応,32287
FSP Hydro PTM PRO 1000W HPT2-1000M,1000 W | ATX | 80PLUS Platinum | プラグイン対応 | 2020-11-06発売,24175
Seasonic FOCUS-GX-850,850 W | ATX | 80PLUS Gold | プラグイン対応,21190
Silverstone SST-ET550-HG-Rev,550 W | ATX | 80PLUS Gold | プラグイン対応 | 2020-08-28発売,7705
Super Flower LEADEX PLATINUM 1600W SF-1600F14HP,1600 W | ATX/BTX/EPS | 80PLUS Platinum | プラグイン対応 | 2020-12-15発売,49500
Corsair RM850x CP-9020188-JP,850 W | ATX/EPS | 80PLUS Gold | プラグイン対応 | 2019-01-19発売,17221
Thermaltake SMART 350W STANDARD PS-SPD-0350NPCWJP-W,350 W | ATX | 80PLUS Standard | 2016-05-04発売,3806
FSP Hydro G PRO 850W HG2-850,850 W | ATX | 80PLUS Gold | プラグイン対応 | 2020-12-11発売,12628
Corsair CX450M CP-9020101-JP,450 W | ATX/EPS | 80PLUS Bronze | プラグイン対応 | 2016-04-02発売,5340
クーラーマスター V SFX Gold 650W MPY-6501-SFHAGV-JP,650 W | SFX | 80PLUS Gold | プラグイン対応 | 2020-11-20発売,14497
Silverstone SST-FX350-G,350 W | ATX/FlexATX | 80PLUS Gold | 2018-03-02発売,9891
Zalman WATTTERA 1000W ZM1000-EBTII,1000 W | ATX | 80PLUS Gold | プラグイン対応 | 2021-02-19発売,18920
NZXT Cシリーズ C850 NP-C850M-JP,850 W | ATX/EPS | 80PLUS Gold | プラグイン対応 | 2020-06-12発売,15591
Super Flower LEADEX V Gold 850W,850 W | ATX/BTX/EPS | 80PLUS Gold | プラグイン対応 | 2020-07-22発売,15891
クーラーマスター MWE 450 Bronze-V2 MPE-4501-ACAAB-JP,450 W | ATX | 80PLUS Bronze | 2019-12-13発売,4378
玄人志向 KRPW-SXP600W/90+,600 W | SFX | 80PLUS Gold | プラグイン対応 | 2018-10-01発売,9782
Seasonic FOCUS-PX-750,750 W | ATX | 80PLUS Platinum | プラグイン対応,19891
Seasonic FOCUS-PX-850,850 W | ATX | 80PLUS Platinum | プラグイン対応,31680
Seasonic PRIME-TX-850,850 W | ATX | 80PLUS Titanium | プラグイン対応 | 2020-06-11発売,43210
ASUS ROG-THOR-1200P,1200 W | ATX | 80PLUS Platinum | プラグイン対応 | 2018-11-22発売,43762
Corsair RM550x CP-9020177-JP,550 W | ATX/EPS | 80PLUS Gold | プラグイン対応 | 2018-06-23発売,9982
サイズ 剛短4 プラグイン SPGT4-700P,700 W | ATX/EPS | 80PLUS Bronze | プラグイン対応 | 2019-01-01発売,7480
Super Flower LEADEX III GOLD ARGB PRO 850W,850 W | ATX/BTX/EPS | 80PLUS Gold | プラグイン対応 | 2020-07-17発売,15397
Corsair RM650x CP-9020178-JP,650 W | ATX/EPS | 80PLUS Gold | プラグイン対応 | 2018-06-23発売,11973
Super Flower LEADEX V Gold 650W,650 W | ATX/BTX/EPS | 80PLUS Gold | プラグイン対応 | 2020-07-22発売,13234
玄人志向 KRPW-AK750W/88+,750 W | ATX/EPS | 80PLUS Silver | 2016-08-01発売,7318
Super Flower LEADEX III GOLD ARGB PRO 750W,750 W | ATX/BTX/EPS | 80PLUS Gold | プラグイン対応 | 2020-07-17発売,13535
Corsair RM750 CP-9020195-JP,750 W | ATX/EPS | 80PLUS Gold | プラグイン対応 | 2019-06-22発売,11473
Corsair RM750x CP-9020179-JP,750 W | ATX/EPS | 80PLUS Gold | プラグイン対応 | 2018-04-14発売,13414
Silverstone SST-ST75F-GS V3,750 W | ATX | 80PLUS Gold | プラグイン対応 | 2019-03-08発売,10428
NZXT E Series E850 NP-1PM-E850A,850 W | ATX/EPS | 80PLUS Gold | プラグイン対応 | 2018-08-10発売,20200
サイズ 剛短4 プラグイン SPGT4-500P,500 W | ATX/EPS | 80PLUS Bronze | プラグイン対応 | 2019-01-01発売,6370
In Win CB-1250W IW-CB1250,1250 W | ATX/EPS | 80PLUS Platinum | プラグイン対応 | 2018-12-19発売,23363
In Win P85 IW-PS-P850W,850 W | ATX/EPS | 80PLUS Gold | プラグイン対応 | 2020-10-23発売,12000
Super Flower LEADEX V Gold 750W,750 W | ATX/BTX/EPS | 80PLUS Gold | プラグイン対応 | 2020-07-22発売,16170
ASUS ROG-STRIX-650W-GOLD,650 W | ATX | 80PLUS Gold | プラグイン対応 | 2020-08-07発売,12464
Silverstone SST-ST45SF V3,450 W | SFX | 80PLUS Bronze,6880
Corsair SF600 CP-9020105-JP,600 W | SFX/ATX/EPS | 80PLUS Gold | プラグイン対応 | 2016-05-14発売,14058
Corsair CX750F RGB CP-9020227-JP,750 W | ATX/EPS | 80PLUS Bronze | プラグイン対応 | 2020-11-21発売,13508
クーラーマスター V1000 PLATINUM MPZ-A001-AFBAPV-JP,1000 W | ATX | 80PLUS Platinum | プラグイン対応 | 2019-12-13発売,25808
Silverstone SST-SX1000-LPT,1000 W | SFX/SFX-L/ATX | 80PLUS Platinum | プラグイン対応,32289
ASUS ROG-STRIX-850W-WHITE-EDITION,850 W | ATX/EPS | 80PLUS Gold | プラグイン対応 | 2020-08-07発売,20734
Seasonic SSR-750PX,750 W | ATX | 80PLUS Platinum | プラグイン対応,17600
Super Flower LEADEX III GOLD 650W,650 W | ATX/BTX/EPS | 80PLUS Gold | プラグイン対応 | 2019-09-14発売,12000
Antec SIGNATURE1000 Titanium,1000 W | ATX | 80PLUS Titanium | プラグイン対応 | 2020-10-03発売,42103
Silverstone SST-ET550-HG,550 W | ATX | 80PLUS Gold | プラグイン対応,6980
Thermaltake TOUGHPOWER GX1 RGB GOLD 700W PS-TPD-0700NHFAGJ-1,700 W | ATX/EPS | 80PLUS Gold | 2018-12-21発売,8228
Corsair SF450 CP-9020104-JP,450 W | SFX/ATX/EPS | 80PLUS Gold | プラグイン対応 | 2016-05-14発売,12078
Antec HCG750 GOLD,750 W | ATX | 80PLUS Gold | プラグイン対応 | 2018-06-09発売,13660
クーラーマスター V750 Gold MPY-7501-AFAAGV-JP,750 W | ATX | 80PLUS Gold | プラグイン対応 | 2019-06-07発売,13198
Fractal Design ION SFX 650G FD-PSU-ION-SFX-650G-BK,650 W | SFX/SFX-L/ATX/EPS | 80PLUS Gold | プラグイン対応 | 2019-11-01発売,16182
クーラーマスター V SFX Gold 550W MPY-5501-SFHAGV-JP,550 W | SFX | 80PLUS Gold | プラグイン対応 | 2020-11-20発売,13507
Seasonic SSR-650FM,650 W | ATX | 80PLUS Gold | プラグイン対応 | 2018-03-23発売,12320
Silverstone SST-SX750-PT,750 W | SFX/ATX | 80PLUS Platinum | プラグイン対応,27500
Silverstone SST-ET750-HG-Rev,750 W | ATX | 80PLUS Gold | プラグイン対応 | 2020-08-28発売,9824
In Win CS-700W IW-CS700-SFX,700 W | SFX | 80PLUS Gold | プラグイン対応 | 2018-12-14発売,13280
Antec SIGNATURE1300 Platinum,1300 W | ATX | 80PLUS Platinum | プラグイン対応 | 2020-10-03発売,48400
Corsair CV450 CP-9020209-JP,450 W | ATX/EPS | 80PLUS Bronze | 2020-02-15発売,5256
FSP HEXA 85+ 650W HA650,650 W | ATX/EPS | 80PLUS Bronze | 2020-11-21発売,6028
サイズ 剛短4 プラグイン SPGT4-600P,600 W | ATX/EPS | 80PLUS Bronze | プラグイン対応 | 2019-01-01発売,6980
Seasonic SSR-650TR,650 W | ATX | 80PLUS Titanium | プラグイン対応,21978
Fractal Design ION SFX 500G FD-PSU-ION-SFX-500G-BK,500 W | SFX/SFX-L/ATX/EPS | 80PLUS Gold | プラグイン対応 | 2019-11-01発売,13600
FSP Hydro S 650W HS-650,650 W | ATX/EPS | 80PLUS Silver | 2020-11-06発売,6606
クーラーマスター MWE Gold 750 Full Modular MPY-7501-AFAAG,750 W | ATX | 80PLUS Gold | プラグイン対応 | 2018-08-24発売,9980
Deepcool DP-BZ-DA700N,700 W | ATX | 80PLUS Bronze | 2020-08-28発売,6600
サイズ 鎌力シルバー プラグイン750W SPKS-750P,750 W | ATX/EPS | 80PLUS Silver | プラグイン対応 | 2016-10-01発売,7678
Seasonic FOCUS-GM-550,550 W | ATX | 80PLUS Gold | プラグイン対応,14058
Thermaltake Toughpower iRGB PLUS 850W PLATINUM PS-TPI-0850F2FDPJ-1,850 W | ATX/EPS | 80PLUS Platinum | プラグイン対応 | 2018-01-26発売,17489
Seasonic SSR-750TR,750 W | ATX | 80PLUS Titanium | プラグイン対応,29980
サイズ CORE-TFX275,275 W | TFX | 2017-01-12発売,3384
Silverstone SST-SX650-G Rev,650 W | SFX/ATX | 80PLUS Gold | プラグイン対応 | 2020-10-15発売,15180
Corsair SF450 Platinum CP-9020181-JP,450 W | SFX/ATX/EPS | 80PLUS Platinum | プラグイン対応 | 2018-11-03発売,14100
Seasonic FOCUS-GX-750,750 W | ATX | 80PLUS Gold | プラグイン対応,19891
Silverstone SST-TX300,300 W | TFX | 80PLUS Bronze | 2017-03-17発売,7419
Enermax MaxTytan EDT1050EWT,1050 W | ATX | 80PLUS Titanium | プラグイン対応 | 2017-09-16発売,43321
Silverstone SST-ST1200-PTS,1200 W | ATX | 80PLUS Platinum | プラグイン対応 | 2019-03-28発売,35800
Corsair RM650 CP-9020194-JP,650 W | ATX/EPS | 80PLUS Gold | プラグイン対応 | 2019-06-22発売,10790
Silverstone SST-ET650-HG-Rev,650 W | ATX | 80PLUS Gold | プラグイン対応 | 2020-08-19発売,8349
Deepcool DP-GD-DQ650-M-V2L,650 W | ATX | 80PLUS Gold | プラグイン対応 | 2020-06-26発売,8963
Corsair VS500 CP-9020223-JP,500 W | ATX/EPS | 80PLUS Standard | 2020-10-24発売,5798
クーラーマスター MasterWatt 750 TUF Gaming Edition MPX-7501-AMAAB-JF,750 W | ATX | 80PLUS Bronze | プラグイン対応 | 2018-08-30発売,8980
ASUS ROG-THOR-850P,852 W | ATX | 80PLUS Platinum | プラグイン対応 | 2018-11-22発売,32609
Deepcool DP-BZ-DA500N,500 W | ATX | 80PLUS Bronze | 2020-08-28発売,4840
NZXT Cシリーズ C750 NP-C750M-JP,750 W | ATX/EPS | 80PLUS Gold | プラグイン対応 | 2020-08-07発売,13835
Silverstone SST-SX800-LTI-Rev,800 W | SFX/SFX-L/ATX | 80PLUS Titanium | プラグイン対応,31656
玄人志向 KRPW-GK550W/90+,550 W | ATX/EPS | 80PLUS Gold | プラグイン対応 | 2017-11-01発売,8052
Corsair VS600 CP-9020224-JP,600 W | ATX/EPS | 80PLUS Standard | 2020-10-24発売,6678
Corsair AX850 Titanium CP-9020151-JP,850 W | ATX | 80PLUS Titanium | プラグイン対応 | 2019-02-09発売,28113
Corsair RM750x CP-9020187-JP,750 W | ATX/EPS | 80PLUS Gold | プラグイン対応 | 2019-01-19発売,17578
Antec SIGNATURE1000 Platinum,1000 W | ATX | 80PLUS Platinum | プラグイン対応 | 2020-10-03発売,37061
Corsair CX750F RGB CP-9020218-JP,750 W | ATX/EPS | 80PLUS Bronze | プラグイン対応 | 2020-11-21発売,12188
FSP HEXA 85+ 450W HA450,450 W | ATX/EPS | 80PLUS Bronze | 2020-11-21発売,4928
ASUS ROG-STRIX-750W-GOLD,750 W | ATX | 80PLUS Gold | プラグイン対応 | 2020-08-07発売,16093
クーラーマスター V650 Gold MPY-6501-AFAAGV-JP,650 W | ATX | 80PLUS Gold | プラグイン対応 | 2019-06-07発売,11480
Seasonic SSR-750FM,750 W | ATX | 80PLUS Gold | プラグイン対応 | 2018-03-23発売,14300
Silverstone SST-SX300-B,300 W | SFX/ATX | 80PLUS Bronze | 2019-12-12発売,6980
Deepcool DP-DQ750-M-V2L WH,750 W | ATX | 80PLUS Gold | プラグイン対応 | 2020-09-18発売,11880
Fractal Design ION+ 560P FD-PSU-IONP-560P-BK,560 W | ATX/EPS | 80PLUS Platinum | プラグイン対応 | 2019-08-09発売,13609
Silverstone SST-ST1300-TI,1300 W | ATX | 80PLUS Titanium | プラグイン対応 | 2017-08-18発売,42590
Super Flower LEADEX III GOLD ARGB 650W,650 W | ATX/BTX/EPS | 80PLUS Gold | プラグイン対応 | 2019-09-14発売,12364
Corsair CV650 CP-9020211-JP,650 W | ATX/EPS | 80PLUS Bronze | 2020-04-04発売,6980
Seasonic PRIME-TX-750,750 W | ATX | 80PLUS Titanium | プラグイン対応 | 2020-06-11発売,36660
Enermax REVOLUTION D.F. ERF850EWT,850 W | 80PLUS Gold | プラグイン対応 | 2019-03-09発売,16319
FSP RAIDER II 650W RA2-650,650 W | ATX/EPS | 80PLUS Silver,6864
玄人志向 KRPW-AK650W/88+,650 W | ATX/EPS | 80PLUS Silver | 2016-08-01発売,7082
Silverstone SST-ET650-HG,650 W | ATX | 80PLUS Gold | プラグイン対応,8470
Seasonic FOCUS-GM-650,650 W | ATX | 80PLUS Gold | プラグイン対応,15378
NZXT Cシリーズ C650 NP-C650M-JP,650 W | ATX/EPS | 80PLUS Gold | プラグイン対応 | 2020-08-07発売,12864
Seasonic FOCUS-GM-750,750 W | ATX | 80PLUS Gold | プラグイン対応,17690
玄人志向 KRPW-GK650W/90+,650 W | ATX/EPS | 80PLUS Gold | プラグイン対応 | 2017-11-01発売,9328
Enermax MaxTytan EMT750EWT,750 W | 80PLUS Titanium | プラグイン対応 | 2017-09-16発売,29006
Thermaltake Toughpower Grand RGB 750W Gold PS-TPG-0750FPCGJP-R,750 W | ATX/EPS | 80PLUS Gold | プラグイン対応 | 2017-04-07発売,12628
Corsair CV550 CP-9020210-JP,550 W | ATX/EPS | 80PLUS Bronze | 2020-02-15発売,6239
Enermax Revolution DUO ERD600AWL-F,600 W | ATX | 80PLUS Gold | 2016-12-22発売,6280
Thermaltake Smart BX1 RGB 650W BRONZE PS-SPR-0650NHFABJ-1,650 W | ATX/EPS | 80PLUS Bronze | 2018-11-30発売,7128
Corsair CX650F RGB CP-9020226-JP,650 W | ATX/EPS | 80PLUS Bronze | プラグイン対応 | 2020-11-21発売,12188
Seasonic PRIME-TX-650,650 W | ATX | 80PLUS Titanium | プラグイン対応 | 2020-06-11発売,30550
Enermax Platimax D.F. EPF1200EWT,1200 W | 80PLUS Platinum | プラグイン対応 | 2017-08-30発売,35900
Andyson PX1200R,1200 W | 80PLUS Platinum | プラグイン対応 | 2017-12-27発売,26488
Super Flower LEADEX III GOLD 550W,550 W | ATX/BTX/EPS | 80PLUS Gold | プラグイン対応 | 2019-09-14発売,11525
Silverstone SST-ST60F-TI,600 W | ATX | 80PLUS Titanium | プラグイン対応 | 2016-02-12発売,24261
Deepcool DP-BZ-DA600N,600 W | ATX | 80PLUS Bronze | 2020-08-28発売,5830
Thermaltake TOUGHPOWER GF1 ARGB GOLD 650W PS-TPD-0650F3FAGJ-1,650 W | ATX | 80PLUS Gold | プラグイン対応 | 2019-12-20発売,9680
Silverstone SST-ST1200-PT,1200 W | ATX | 80PLUS Platinum | プラグイン対応 | 2016-08-10発売,33480
Silverstone SST-ST1100-TI,1100 W | ATX | 80PLUS Titanium | プラグイン対応 | 2017-08-18発売,36080
Fractal Design ION+ 660P FD-PSU-IONP-660P-BK,660 W | ATX/EPS | 80PLUS Platinum | プラグイン対応 | 2019-08-09発売,14618
Antec HCG650 GOLD,650 W | ATX | 80PLUS Gold | プラグイン対応 | 2018-06-09発売,12125
クーラーマスター MWE 550 Bronze-V2 MPE-5501-ACAAB-JP,550 W | ATX | 80PLUS Bronze | 2019-12-13発売,6100
Seasonic FOCUS-PX-650,650 W | ATX | 80PLUS Platinum | プラグイン対応,21780
Thermaltake TOUGHPOWER GX1 RGB GOLD 600W PS-TPD-0600NHFAGJ-1,600 W | ATX/EPS | 80PLUS Gold | 2018-12-21発売,7678
Thermaltake TOUGHPOWER PF1 ARGB PLATINUM 850W PS-TPD-0850F3FAPJ-1,850 W | 80PLUS Platinum | プラグイン対応 | 2019-07-26発売,17380
Thermaltake TOUGHPOWER DIGITAL iRGB PLUS 850W GOLD PS-TPI-0850F3FDGJ-1,850 W | ATX/EPS | 80PLUS Gold | プラグイン対応 | 2019-11-15発売,16227
Silverstone SST-ST70F-TI,700 W | ATX | 80PLUS Titanium | プラグイン対応 | 2016-02-12発売,24424
Super Flower LEADEX III GOLD ARGB 550W,550 W | ATX/BTX/EPS | 80PLUS Gold | プラグイン対応 | 2019-09-14発売,12360
Silverstone SST-ST1000-PT,1000 W | ATX | 80PLUS Platinum | プラグイン対応 | 2016-08-10発売,26970
Enermax REVOLUTION D.F. ERF750EWT,750 W | 80PLUS Gold | プラグイン対応 | 2019-03-09発売,14960
Enermax Platimax D.F. EPF1050EWT,1050 W | 80PLUS Platinum | プラグイン対応 | 2017-08-30発売,32800
Silverstone SST-ST75F-PT-Rev,750 W | ATX | 80PLUS Platinum | プラグイン対応,17580
In Win CB-1050W IW-CB1050,1050 W | ATX/EPS | 80PLUS Platinum | プラグイン対応 | 2018-12-19発売,21980
Thermaltake Smart BX1 RGB 750W BRONZE PS-SPR-0750NHFABJ-1,750 W | ATX/EPS | 80PLUS Bronze | 2018-11-30発売,8228
Silverstone SST-TX500-G,500 W | TFX/ATX | 80PLUS Gold,16912
Enermax CYBERBRON ECB500AWT,500 W | ATX | 80PLUS Bronze | 2020-11-21発売,6270
Silverstone SST-SX800-LTI,800 W | SFX/SFX-L | 80PLUS Titanium | プラグイン対応 | 2016-12-26発売,26800
Thermaltake TOUGHPOWER DIGITAL iRGB PLUS 750W GOLD PS-TPI-0750F3FDGJ-1,750 W | ATX/EPS | 80PLUS Gold | プラグイン対応 | 2019-11-15発売,12980
Silverstone SST-ST85F-PT,850 W | ATX | 80PLUS Platinum | プラグイン対応 | 2016-08-10発売,21978
Silverstone SST-TX700-G,700 W | TFX/ATX | 80PLUS Gold,22582
Deepcool DP-GD-DQ750-M-V2L,750 W | ATX | 80PLUS Gold | プラグイン対応 | 2020-06-26発売,11791
Silverstone SST-SX700-LPT,700 W | SFX/SFX-L | 80PLUS Platinum | プラグイン対応 | 2016-06-17発売,18800
Deepcool DP-GD-DQ850-M-V2L,850 W | ATX | 80PLUS Gold | プラグイン対応 | 2020-06-26発売,13582
FSP Hydro GE 850W HGE850,850 W | ATX/EPS | 80PLUS Gold | プラグイン対応,16000
Silverstone SST-ET750-G,750 W | ATX | 80PLUS Gold | 2017-09-15発売,11000
FSP Hydro PT 750W HPT750,750 W | ATX/EPS | 80PLUS Platinum,17489
Enermax MAXREVO EMR1800EXT,1800 W | 80PLUS Gold | プラグイン対応 | 2019-03-09発売,49939
Silverstone SST-ST75F-PB,750 W | ATX | 80PLUS Bronze | プラグイン対応,12180
ADATA XPG CORE REACTOR COREREACTOR850G-BKCJP,850 W | ATX | 80PLUS Gold | プラグイン対応 | 2020-12-11発売,16500
Super Flower LEADEX III GOLD ARGB PRO 650W,650 W | ATX/BTX/EPS | 80PLUS Gold | プラグイン対応 | 2020-07-17発売,11150
Shuttle PC63JV2,500 W | 80PLUS Silver,13805
Seasonic FOCUS-GM-850,850 W | ATX | 80PLUS Gold | プラグイン対応,21880
Lian Li PE-550,550 W | SFX/SFX-L | 80PLUS Gold | プラグイン対応 | 2016-05-26発売,15800
Silverstone SST-ST85F-GS V2,850 W | ATX | 80PLUS Gold | プラグイン対応,15495
Silverstone SST-ET550-B,550 W | ATX | 80PLUS Bronze | 2017-04-03発売,6053
In Win P65 IW-PS-P650W,650 W | ATX/EPS | 80PLUS Gold | プラグイン対応 | 2020-10-23発売,10120
Corsair CX550F RGB CP-9020216-JP,550 W | ATX/EPS | 80PLUS Bronze | プラグイン対応 | 2020-11-21発売,9453
Silverstone SST-DA1650-G,1650 W | ATX | 80PLUS Gold | プラグイン対応 | 2020-09-14発売,54830
Thermaltake TR2 450W V2 GOLD PS-TR2-0450NPCGJP-G-V2,450 W | ATX | 80PLUS Gold | 2016-05-13発売,6782
FSP Hydro GE 550W HGE550,550 W | ATX/EPS | 80PLUS Gold | プラグイン対応,10073
Silverstone SST-SX650-G,650 W | SFX/ATX | 80PLUS Gold | プラグイン対応 | 2017-08-25発売,15480
Silverstone SST-ST80F-TI,800 W | ATX | 80PLUS Titanium | プラグイン対応 | 2016-02-12発売,25080
Enermax MaxTytan EDT1250EWT,1250 W | 80PLUS Titanium | プラグイン対応 | 2017-09-16発売,53479
ADATA XPG CORE REACTOR COREREACTOR650G-BKCJP,650 W | ATX | 80PLUS Gold | プラグイン対応 | 2020-12-11発売,13779
ADATA XPG CORE REACTOR COREREACTOR750G-BKCJP,750 W | ATX | 80PLUS Gold | プラグイン対応 | 2020-12-11発売,15977
Enermax REVOLUTION D.F. ERF650AWT,650 W | 80PLUS Gold | プラグイン対応 | 2019-03-09発売,15074
Thermaltake Toughpower Grand RGB 850W Platinum PS-TPG-0850F1FAPJ-1,850 W | ATX/EPS | 80PLUS Platinum | プラグイン対応 | 2018-07-13発売,18346
クーラーマスター MWE Gold 750 MPY-7501-ACAAG,750 W | ATX | 80PLUS Gold | 2018-08-24発売,9693
Thermaltake TOUGHPOWER GF1 ARGB GOLD 850W PS-TPD-0850F3FAGJ-1,850 W | ATX | 80PLUS Gold | プラグイン対応 | 2019-12-20発売,18678
Silverstone SST-SX500-LG-Rev,500 W | SFX/SFX-L/ATX | 80PLUS Gold | プラグイン対応 | 2020-10-15発売,14388
Corsair RM850x CP-9020156-JP,850 W | ATX/EPS | 80PLUS Gold | プラグイン対応 | 2017-09-23発売,-
クーラーマスター MWE Bronze 550 MPX-5501-ACAAB-JP,550 W | ATX | 80PLUS Bronze | 2017-11-02発売,-
Thermaltake Toughpower DPS G RGB 750W Gold PS-TPG-0750DPCGJP-R,750 W | ATX/EPS | 80PLUS Gold | プラグイン対応 | 2016-10-28発売,16390
Silverstone SST-ET550-G,550 W | ATX | 80PLUS Gold | 2017-09-15発売,7640
Corsair CX550F RGB CP-9020225-JP,550 W | ATX/EPS | 80PLUS Bronze | プラグイン対応 | 2020-11-21発売,11143
サイズ 剛短3 プラグイン SPGT3-400P,400 W | ATX/EPS | 80PLUS Bronze | プラグイン対応 | 2016-08-01発売,-
Colorful Segotep GP1350-FM Gold,1250 W | ATX/EPS | 80PLUS Gold | プラグイン対応 | 2018-01-13発売,26200
Silverstone SST-ST65F-G-V2,650 W | ATX | 80PLUS Gold | プラグイン対応,15530
Silverstone SST-SX700-PT,700 W | SFX/ATX | 80PLUS Platinum | プラグイン対応 | 2019-10-24発売,26980
Silverstone SST-ST65F-PB,650 W | ATX | 80PLUS Bronze | プラグイン対応,9970
Silverstone SST-SX500-G Rev,500 W | SFX/ATX | 80PLUS Gold | プラグイン対応 | 2020-10-15発売,14080
Corsair VS650 CP-9020172-JP,650 W | ATX/EPS | 80PLUS Standard | 2018-03-03発売,-
COUGAR GX-F AURUM 750 CGR GD-750,750 W | ATX | 80PLUS Gold | プラグイン対応 | 2020-04-22発売,12758
サイズ COREPOWER S PLUG-IN CORES-600P,600 W | ATX/EPS | 80PLUS Standard | プラグイン対応 | 2017-01-12発売,-
Raidmax Cobra Power RX-1200AE-B,1200 W | 80PLUS Gold | プラグイン対応 | 2018-04-01発売,-
Corsair HX1200 CP-9020140-JP,1200 W | ATX/EPS | 80PLUS Platinum | プラグイン対応 | 2017-10-01発売,46530
Seasonic SS-350TGMS,350 W | TFX | 80PLUS Gold | プラグイン対応,-
クーラーマスター MWE Gold 550 Full Modular MPY-5501-AFAAG,550 W | ATX | 80PLUS Gold | プラグイン対応 | 2018-08-24発売,10156
Silverstone SST-ET650-B,650 W | ATX | 80PLUS Bronze | 2017-04-03発売,8480
クーラーマスター MWE Bronze 450 MPX-4501-ACAAB-JP,450 W | ATX | 80PLUS Bronze | 2017-11-02発売,9099
Seasonic SSR-450FM,450 W | ATX | 80PLUS Gold | プラグイン対応 | 2018-03-23発売,-
Enermax Platimax D.F. EPF750EWT,750 W | 80PLUS Platinum | プラグイン対応 | 2017-08-30発売,-
FSP Hydro PTM+ Limited Edition HPT1200M,1200 W | ATX/EPS | 80PLUS Platinum | プラグイン対応 | 2018-02-23発売,-
Silverstone SST-ST50F-ESB-V2,500 W | ATX | 80PLUS Bronze,7078
Thermaltake TOUGHPOWER GF1 GOLD 650W PS-TPD-0650FNFAGJ-1,650 W | ATX | 80PLUS Gold | プラグイン対応 | 2019-12-20発売,9480
KEIAN 静か Gold KT-AP600-AXG HC,600 W | ATX | 80PLUS Gold,-
GAMDIAS ASTRAPE P1-750G,750 W | ATX/EPS | 80PLUS Gold | プラグイン対応 | 2018-06-29発売,-
COUGAR GX-F AURUM 550 CGR GD-550,550 W | ATX | 80PLUS Gold | プラグイン対応 | 2020-04-22発売,10600
FSP Hydro G 650W HG650,650 W | ATX/EPS | 80PLUS Gold | プラグイン対応 | 2017-06-01発売,-
Enermax TRIATHLOR ECO ETL1000EWT-M,1000 W | 80PLUS Bronze | プラグイン対応 | 2016-02-05発売,-
Enermax TRIATHLOR ECO ETL800EWT-M,800 W | 80PLUS Bronze | プラグイン対応 | 2016-02-05発売,-
Thermaltake SMART DPS G Digital 750W Gold PS-SPG-0750DPCGJP-G,750 W | ATX/EPS | 80PLUS Gold | プラグイン対応 | 2016-05-13発売,-
Thermaltake Toughpower DPS G RGB 650W Gold PS-TPG-0650DPCGJP-R,650 W | ATX/EPS | 80PLUS Gold | プラグイン対応 | 2016-10-28発売,13818
Corsair RM750x CP-9020155-JP,750 W | ATX/EPS | 80PLUS Gold | プラグイン対応 | 2017-09-23発売,-
Super Flower LEADEX V Gold 1000W,1000 W | ATX/BTX/EPS | 80PLUS Gold | プラグイン対応 | 2020-07-22発売,19778
Enermax CYBERBRON ECB600AWT,600 W | ATX | 80PLUS Bronze | 2020-11-21発売,7205
Silverstone SST-ST65F-GS,650 W | ATX | 80PLUS Gold | プラグイン対応,13104
Thermaltake TOUGHPOWER GF1 ARGB GOLD 750W PS-TPD-0750F3FAGJ-1,750 W | ATX | 80PLUS Gold | プラグイン対応 | 2019-12-20発売,15059
Antec VP650 Plus JP,650 W | 80PLUS Standard | 2018-12-01発売,-
IEI ACE-A130B-S,300 W | ATX | 80PLUS Bronze,-
Antec HCG850 EXTREME,850 W | ATX | 80PLUS Gold | プラグイン対応 | 2018-06-01発売,-
Seasonic SSR-650FX,650 W | ATX | 80PLUS Gold | プラグイン対応,-
クーラーマスター GXII ver.2 550W RS550-ACAAB3-JP,550 W | ATX | 80PLUS Bronze | 2016-05-27発売,-
FSP Hydro G 750W HG750,750 W | ATX/EPS | 80PLUS Gold | プラグイン対応 | 2017-06-01発売,15258
GAMDIAS ASTRAPE M1-650W,650 W | ATX | 80PLUS Standard | 2018-06-29発売,-
Antec EarthWatts EA-550 PLATINUM Rev2,550 W | ATX | 80PLUS Platinum | 2016-04-09発売,-
Zalman ZM600-LE,600 W | ATX | 2016-09-03発売,-
Thermaltake Toughpower DPS G Digital 1250W RGB FAN TITANIUM PS-TPG-1250DPCTJP-T,1250 W | ATX/EPS | 80PLUS Titanium | プラグイン対応 | 2016-07-08発売,-
Seasonic SS-750XP2S,750 W | ATX/EPS | 80PLUS Platinum | プラグイン対応 | 2016-04-01発売,-
サイズ コアパワー4ノーマル CORE4-600/A,600 W | ATX/EPS,-
Cyonic AZ-500,500 W | ATX | 80PLUS Bronze | 2017-03-17発売,-
GAMDIAS ASTRAPE M1-550W,550 W | ATX | 80PLUS Standard | 2018-06-29発売,-
Cyonic AZ-400,400 W | ATX | 80PLUS Bronze | 2017-03-17発売,-
AeroCool VP-750,750 W | ATX | 80PLUS Bronze | 2016-06-18発売,-
サイズ 剛短3 プラグイン SPGT3-600P,600 W | ATX/EPS | 80PLUS Bronze | プラグイン対応 | 2016-08-01発売,-
Corsair HX1000 CP-9020139-JP,1000 W | ATX/EPS | 80PLUS Platinum | プラグイン対応 | 2017-09-23発売,-
AeroCool VP-550,550 W | ATX | 80PLUS Bronze | 2016-06-18発売,-
COUGAR GX(V3) HEC-GX800V3,800 W | ATX/EPS | 80PLUS Gold | プラグイン対応 | 2017-01-20発売,-
Corsair CX430 CP-9020046-JP,430 W | ATX | 80PLUS Bronze | 2016-09-22発売,-
Seasonic SSR-1000PD,1000 W | ATX | 80PLUS Platinum | プラグイン対応,-
Raidmax Cobra Power RX-1000AE-B,1000 W | 80PLUS Gold | プラグイン対応 | 2017-12-15発売,-
Enermax Revolution DUO ERD700AWL-F,700 W | ATX | 80PLUS Gold | 2016-12-22発売,14405
Corsair VS450 CP-9020170-JP,450 W | ATX/EPS | 80PLUS Standard | 2018-03-03発売,-
Silverstone SST-ST50F-PB,500 W | ATX | 80PLUS Bronze | プラグイン対応,-
Enermax RevoBron ERB700AWT,700 W | 80PLUS Bronze | 2017-10-21発売,-
Thermaltake TOUGHPOWER GF1 GOLD 850W PS-TPD-0850FNFAGJ-1,850 W | ATX | 80PLUS Gold | プラグイン対応 | 2019-12-20発売,15378
Thermaltake Smart BX1 RGB 550W BRONZE PS-SPR-0550NHFABJ-1,550 W | ATX/EPS | 80PLUS Bronze | 2018-11-30発売,6028
サイズ 剛短3 プラグイン SPGT3-700P,700 W | ATX/EPS | 80PLUS Bronze | プラグイン対応 | 2016-08-01発売,-
FSP DAGGER SDA600,600 W | SFX/ATX | 80PLUS Gold | プラグイン対応,14300
Raidmax Thunder RGB RX-535AP-R,535 W | 80PLUS Bronze | プラグイン対応 | 2017-12-15発売,5989
Silverstone SST-ST75F-ESS,750 W | ATX | 80PLUS Silver | 2016-08-01発売,-
Silverstone SST-ST55F-G V2,550 W | ATX | 80PLUS Gold | プラグイン対応,11866
Thermaltake SMART DPS G Digital 650W Gold PS-SPG-0650DPCGJP-G,650 W | ATX/EPS | 80PLUS Gold | プラグイン対応 | 2016-05-13発売,-
Thermaltake Toughpower Grand RGB 650W Gold PS-TPG-0650FPCGJP-R,650 W | ATX/EPS | 80PLUS Gold | プラグイン対応 | 2017-04-07発売,12078
Raidmax Cobra Power RX-600AE-M,600 W | 80PLUS Gold | プラグイン対応 | 2017-12-15発売,11179
Enermax Platimax D.F. EPF600AWT,600 W | ATX | 80PLUS Platinum | プラグイン対応 | 2016-09-10発売,-
FSP AURUM PT PT-850FM,850 W | ATX/EPS | 80PLUS Platinum | プラグイン対応 | 2016-06-01発売,-
サイズ 剛短3 プラグイン SPGT3-500P,500 W | ATX/EPS | 80PLUS Bronze | プラグイン対応 | 2016-08-01発売,-
AeroCool VP-650,650 W | ATX | 80PLUS Bronze | 2016-06-18発売,-
FSP Hydro G 850W HG850,850 W | ATX/EPS | 80PLUS Gold | プラグイン対応 | 2017-06-01発売,-
Enermax Revolution DUO ERD500AWL-F,500 W | ATX | 80PLUS Gold | 2016-12-22発売,5980
Enermax Revolution-X't II ERX750AWT,750 W | 80PLUS Gold | プラグイン対応 | 2016-02-05発売,16294
Corsair CX850M CP-9020099-JP,850 W | ATX | 80PLUS Bronze | プラグイン対応 | 2016-05-14発売,-
Cyonic CY-300TB,300 W | TFX | 80PLUS Bronze | 2017-06-23発売,-
クーラーマスター MWE Gold 550 MPY-5501-ACAAG,550 W | ATX | 80PLUS Gold | 2018-08-24発売,-
クーラーマスター MasterWatt 550 MPX-5501-AMAAB-JP,550 W | ATX | 80PLUS Bronze | プラグイン対応 | 2017-11-02発売,-
Thermaltake Toughpower iRGB PLUS 1050W PLATINUM PS-TPI-1050F2FDPJ-1,1050 W | ATX/EPS | 80PLUS Platinum | プラグイン対応 | 2018-01-26発売,24728
Thermaltake SMART PRO RGB 850W PS-SPR-0850FPCBJP-R,850 W | ATX/EPS | 80PLUS Bronze | プラグイン対応 | 2017-06-16発売,-
サイズ コアパワー4ノーマル CORE4-400/A,400 W | ATX/EPS,-
Antec VP500 Plus JP,500 W | 80PLUS Standard | 2018-12-01発売,-
In Win C900W IP-P900JQ3-2 900W Platinum,900 W | ATX/EPS | 80PLUS Platinum | プラグイン対応 | 2016-10-28発売,-
Thermaltake Toughpower SFX 450W Gold PS-STP-0450FPCGJP-G,450 W | SFX | 80PLUS Gold | プラグイン対応 | 2017-02-10発売,-
Silverstone SST-SX450-B,450 W | SFX/ATX | 80PLUS Bronze | 2019-12-12発売,8980
Enermax Revolution SFX ERV550SWT,550 W | SFX | 80PLUS Gold | プラグイン対応 | 2016-12-09発売,-
Enermax ERX650AWT-DP (650W),650 W | 80PLUS Gold | プラグイン対応,-
IEI ACE-A140A,400 W | ATX | 80PLUS Bronze,-
Thermaltake Toughpower DPS G Digital 1050W PLATINUM PS-TPG-1050DPCPJP-P,1050 W | ATX/EPS | 80PLUS Platinum | プラグイン対応 | 2016-05-20発売,-
Cyonic CY-300SB,300 W | SFX | 80PLUS Bronze | 2017-06-23発売,-
クーラーマスター MasterWatt 550 TUF Gaming Edition MPX-5501-AMAAB-JF,550 W | ATX | 80PLUS Bronze | プラグイン対応 | 2018-08-30発売,5980
HEC WIN+ POWER 3s HEC-WN3S-500W,500 W | ATX/EPS | 80PLUS Bronze | 2016-02-12発売,-
クーラーマスター GXII ver.2 450W RS450-ACAAB3-JP,450 W | ATX | 80PLUS Bronze | 2016-05-27発売,-
Thermaltake Toughpower DPS G Digital 1250W iRGB PLUS FAN TITANIUM PS-TPI-1250DPCTJP-T,1250 W | ATX/EPS | 80PLUS Titanium | プラグイン対応 | 2017-09-15発売,42900
Antec EarthWatts EA-650 PLATINUM Rev2,650 W | ATX | 80PLUS Platinum | 2016-04-09発売,-
FSP RAIDER RA-500B,500 W | ATX/EPS | 80PLUS Bronze,4670
Dirac DIR-TCSXG-550 V1.0,550 W | SFX/ATX/EPS | 80PLUS Gold | プラグイン対応 | 2016-01-26発売,-
Silverstone Nightjar SST-NJ450-SXL,450 W | SFX/SFX-L/ATX | 80PLUS Platinum | プラグイン対応 | 2018-07-06発売,24200
Silverstone SST-ET500-MG,500 W | ATX | 80PLUS Gold | プラグイン対応,12579
Silverstone SST-SX700-G Rev,700 W | SFX/ATX | 80PLUS Gold | プラグイン対応,21061
CWT PUO1450V,1450 W | ATX/EPS | 80PLUS Gold | プラグイン対応,-
GAMDIAS KRATOS P1-750G,750 W | ATX | 80PLUS Gold | プラグイン対応 | 2019-09-20発売,-
Enermax RevoBron ERB600AWT,600 W | 80PLUS Bronze | 2017-10-21発売,12078
Enermax MaxTytan EMT800EWT,800 W | 80PLUS Titanium | プラグイン対応 | 2017-09-16発売,29888
Corsair AX1000 Titanium CP-9020152-JP,1000 W | ATX | 80PLUS Titanium | プラグイン対応 | 2019-02-09発売,33312
Seasonic SSR-1000GD,1000 W | ATX | 80PLUS Gold | プラグイン対応,-
FSP RAIDER II 750W RA2-750,750 W | ATX/EPS | 80PLUS Silver,8080
Raidmax Thunder RGB RX-735AP-R,735 W | 80PLUS Bronze | プラグイン対応 | 2017-12-15発売,10733
In Win PB-850W IW-PB850-RGB,850 W | ATX/EPS | 80PLUS Gold | プラグイン対応 | 2018-12-19発売,-
Thermaltake TOUGHPOWER PF1 ARGB PLATINUM 1050W PS-TPD-1050F3FAPJ-1,1050 W | 80PLUS Platinum | プラグイン対応 | 2019-07-26発売,28578
Corsair CX750M CP-9020061-JP,750 W | ATX/EPS | 80PLUS Bronze | プラグイン対応 | 2016-05-14発売,-
クーラーマスター MWE Bronze 650 MPX-6501-ACAAB-JP,650 W | ATX | 80PLUS Bronze | 2017-11-02発売,19055
Silverstone SST-SX600-G V2,600 W | SFX/ATX | 80PLUS Gold | プラグイン対応 | 2018-12-18発売,14689
Thermaltake TR2 600W V2 GOLD PS-TR2-0600NPCGJP-G-V2,600 W | ATX | 80PLUS Gold | 2016-05-13発売,-
Thermaltake TOUGHPOWER GF1 GOLD 750W PS-TPD-0750FNFAGJ-1,750 W | ATX | 80PLUS Gold | プラグイン対応 | 2019-12-20発売,14278
Silverstone SST-ET750-B-Rev,750 W | ATX | 80PLUS Bronze,14025
Silverstone SST-FX500-G,500 W | ATX/FlexATX | 80PLUS Gold | 2021-01-26発売,19413
玄人志向 KRPW-GT500W/90+,500 W | ATX/EPS | 80PLUS Gold | プラグイン対応 | 2016-09-01発売,-
Enermax Platimax D.F. EPF850EWT,850 W | 80PLUS Platinum | プラグイン対応 | 2017-09-01発売,-
クーラーマスター GXII ver.2 650W RS650-ACAAB3-JP,650 W | ATX | 80PLUS Bronze | 2016-05-27発売,-
Thermaltake Toughpower DPS G RGB 1500W TITANIUM PS-TPG-1500DPCTJP-T,1500 W | ATX/EPS | 80PLUS Titanium | プラグイン対応 | 2018-06-29発売,39980
Dirac DIR-TCAXP-600 V1.0,600 W | ATX | 80PLUS Platinum | プラグイン対応 | 2016-01-26発売,-
Colorful Segotep GP1350-FM Gold (1250W)v2,1250 W | ATX/EPS | 80PLUS Gold | プラグイン対応 | 2018-05-12発売,21582
Thermaltake TR2 500W V2 BRONZE PS-TR2-0500NPCBJP-B-V2,500 W | ATX | 80PLUS Bronze | 2016-05-04発売,6798
IEI ACE-A130B,300 W | ATX | 80PLUS Bronze,-
Dirac DIR-TCAXP-500 V1.0,500 W | ATX | 80PLUS Platinum | プラグイン対応 | 2016-01-26発売,-
Silverstone SST-ET700-MG,700 W | ATX | 80PLUS Gold | プラグイン対応 | 2020-05-15発売,11900
COUGAR GX(V3) HEC-GX600V3,600 W | ATX/EPS | 80PLUS Gold | プラグイン対応 | 2017-01-20発売,-
HEC WIN+ POWER LT2 HEC-WNLT2-600W,600 W | ATX/EPS | 80PLUS Bronze | 2016-02-12発売,-
Enermax Revolution SFX ERV650SWT,650 W | SFX | 80PLUS Gold | プラグイン対応 | 2016-12-09発売,-
IEI ACE-A140A-S,400 W | ATX | 80PLUS Bronze,-
In Win C750W IP-P750JQ3-2 750W Platinum,750 W | ATX/EPS | 80PLUS Platinum | プラグイン対応 | 2016-10-28発売,-
Enermax Revolution-X't II ERX550AWT,550 W | 80PLUS Gold | プラグイン対応 | 2016-02-05発売,12212
Zalman ZM500-LE,500 W | ATX | 2016-09-01発売,-
Thermaltake Toughpower SFX 600W Gold PS-STP-0600FPCGJP-G,600 W | SFX | 80PLUS Gold | プラグイン対応 | 2017-02-10発売,-
Corsair HX750 CP-9020137-JP,750 W | ATX/EPS | 80PLUS Platinum | プラグイン対応 | 2017-09-23発売,-
Silverstone SST-SX700-G,700 W | SFX/ATX | 80PLUS Gold | プラグイン対応 | 2019-02-05発売,18120
HEC WIN+ POWER 3s HEC-WN3S-600W,600 W | ATX/EPS | 80PLUS Bronze | 2016-02-12発売,-
クーラーマスター MasterWatt 450 MPX-4501-AMAAB-JP,450 W | ATX | 80PLUS Bronze | プラグイン対応 | 2017-11-02発売,-
Silverstone SST-ET500-B,500 W | ATX | 80PLUS Bronze | 2020-04-23発売,9561
サイズ COREPOWER S PLUG-IN CORES-400P,400 W | ATX/EPS | 80PLUS Standard | プラグイン対応 | 2017-01-12発売,-
FSP Hydro PT 650W HPT650,650 W | ATX/EPS | 80PLUS Platinum,16231
クーラーマスター MasterWatt 650 MPX-6501-AMAAB-JP,650 W | ATX | 80PLUS Bronze | プラグイン対応 | 2017-11-02発売,-
Seasonic SSR-850TR,850 W | ATX | 80PLUS Titanium | プラグイン対応,34100
Raidmax Cobra Power RX-800AE-M,800 W | 80PLUS Gold | プラグイン対応 | 2017-12-15発売,-
Zalman ZM400-LE,400 W | ATX | 2016-09-03発売,-
COUGAR GX-F AURUM 650 CGR GD-650,650 W | ATX | 80PLUS Gold | プラグイン対応 | 2020-04-22発売,12600
玄人志向 KRPW-MG1200W,1200 W | ATX/EPS | 2018-07-20発売,-
Lian Li PE-750,750 W | SFX/SFX-L | 80PLUS Platinum | プラグイン対応 | 2016-05-26発売,-
Thermaltake Toughpower DPS G RGB 850W Gold PS-TPG-0850DPCGJP-R,850 W | ATX/EPS | 80PLUS Gold | プラグイン対応 | 2016-10-28発売,-
Thermaltake TR2 450W V2 BRONZE PS-TR2-0450NPCBJP-B-V2,450 W | ATX | 80PLUS Bronze | 2016-05-04発売,-
Thermaltake Toughpower DPS G Digital 1200W PLATINUM PS-TPG-1200DPCPJP-P,1200 W | ATX/EPS | 80PLUS Platinum | プラグイン対応 | 2016-05-20発売,-
Silverstone SST-ST1000-PTS,1000 W | ATX | 80PLUS Platinum | プラグイン対応 | 2019-03-28発売,29500
Dirac DIR-TCSXG-650 V1.0,650 W | SFX/ATX/EPS | 80PLUS Gold | プラグイン対応 | 2016-01-26発売,18980
サイズ コアパワー4ノーマル CORE4-500/A,500 W | ATX/EPS,-
Thermaltake TR2 700W V2 GOLD PS-TR2-0700NPCGJP-G-V2,700 W | ATX | 80PLUS Gold | 2016-05-13発売,-
HEC WIN+ POWER LT2 HEC-WNLT2-500W,500 W | ATX/EPS | 80PLUS Bronze | 2016-02-12発売,-
Enermax RevoBron TGA ERB500AWT TR,500 W | 80PLUS Bronze | プラグイン対応 | 2018-12-22発売,8809
Silverstone SST-ST65F-PT-Rev,650 W | ATX | 80PLUS Platinum | プラグイン対応,25496
Enermax ERX550AWT-DP (550W),550 W | 80PLUS Gold | プラグイン対応,-
Thermaltake SMART PRO RGB 650W PS-SPR-0650FPCBJP-R,650 W | ATX/EPS | 80PLUS Bronze | プラグイン対応 | 2017-06-16発売,-
Zalman WATTTERA 800W ZM800-EBTII,800 W | ATX | 80PLUS Gold | プラグイン対応 | 2021-02-19発売,15950
Andyson PROMINER GM1200,1200 W | 2017-12-27発売,-
Enermax ERX750AWT-DP (750W),750 W | 80PLUS Gold | プラグイン対応,-
Enermax RevoBron TGA ERB600AWT TR,600 W | 80PLUS Bronze | プラグイン対応 | 2018-12-22発売,9100
Corsair HX850 CP-9020138-JP,850 W | ATX/EPS | 80PLUS Platinum | プラグイン対応 | 2017-09-23発売,-
Thermaltake Toughpower iRGB PLUS 1200W PLATINUM PS-TPI-1200F2FDPJ-1,1200 W | ATX/EPS | 80PLUS Platinum | プラグイン対応 | 2018-01-26発売,27066
Silverstone SST-ET750-B,750 W | ATX | 80PLUS Bronze,10349
Zalman WATTTERA 700W ZM700-EBTII,700 W | ATX | 80PLUS Gold | プラグイン対応 | 2021-02-19発売,13970
Corsair CX500 CP-9020047-JP,500 W | ATX | 80PLUS Bronze | 2016-09-22発売,-
Corsair CX600 CP-9020048-JP,600 W | ATX | 80PLUS Bronze | 2016-09-22発売,-
Enermax RevoBron ERB500AWT,500 W | 80PLUS Bronze | 2017-10-21発売,10978
GAMDIAS CYCLOPS X1-1200P,1200 W | ATX/EPS | 80PLUS Platinum | プラグイン対応 | 2018-06-29発売,-
Corsair VS550 CP-9020171-JP,550 W | ATX/EPS | 80PLUS Standard | 2018-03-03発売,-
GAMDIAS ASTRAPE P1-650G,650 W | ATX/EPS | 80PLUS Gold | プラグイン対応 | 2018-06-29発売,-
FSP Hydro GE 650W HGE650,650 W | ATX/EPS | 80PLUS Gold | プラグイン対応,9800
Colorful Segotep GP600T Titanium,500 W | 80PLUS Titanium | 2018-01-13発売,-
Enermax RevoBron TGA ERB700AWT TR,700 W | 80PLUS Bronze | プラグイン対応 | 2018-12-22発売,-
Thermaltake TOUGHPOWER PF1 ARGB PLATINUM 1200W PS-TPD-1200F3FAPJ-1,1200 W | 80PLUS Platinum | プラグイン対応 | 2019-07-26発売,-
Silverstone SST-SX500-G,500 W | SFX/ATX | 80PLUS Gold | プラグイン対応 | 2017-08-25発売,13026
Silverstone SST-ET650-G,650 W | ATX | 80PLUS Gold | 2017-09-15発売,9900
In Win PB-750W IW-PB750-RGB,750 W | ATX/EPS | 80PLUS Gold | プラグイン対応 | 2018-12-19発売,15727
GAMDIAS ASTRAPE M1-650B,650 W | ATX | 80PLUS Bronze | 2018-06-29発売,-
AeroCool VP-450,450 W | ATX | 80PLUS Bronze | 2016-06-18発売,-
NZXT E Series E650 NP-1PM-E650A,650 W | ATX/EPS | 80PLUS Gold | プラグイン対応 | 2018-08-10発売,-
Seasonic SSR-650TD,650 W | ATX | 80PLUS Titanium | プラグイン対応,-
Silverstone Nightjar SST-NJ600,600 W | ATX | 80PLUS Titanium | プラグイン対応 | 2018-11-16発売,33198
Thermaltake TR2 500W V2 GOLD PS-TR2-0500NPCGJP-G-V2,500 W | ATX | 80PLUS Gold | 2016-05-13発売,-
IEI ACE-A160A,600 W | ATX | 80PLUS Bronze,-
Seasonic SSR-850TD,850 W | ATX | 80PLUS Titanium | プラグイン対応,-
Enermax Revolution-X't II ERX650AWT,650 W | 80PLUS Gold | プラグイン対応 | 2016-02-05発売,14800
GAMDIAS KRATOS E1-500,500 W | ATX | 80PLUS Standard | 2019-03-14発売,-
Seasonic SSR-650PX,650 W | ATX | 80PLUS Platinum | プラグイン対応,18128
FSP Hydro GE 750W HGE750,750 W | ATX/EPS | 80PLUS Gold | プラグイン対応,16273
Seasonic SSR-750FX,750 W | ATX | 80PLUS Gold | プラグイン対応,-
Silverstone SST-SX550,550 W | SFX | 80PLUS Gold | 2016-04-09発売,16698
Seasonic SSR-850GD-AT,850 W | ATX | 80PLUS Gold | プラグイン対応 | 2018-12-14発売,-
Silverstone SST-ST55F-PB,550 W | ATX | 80PLUS Bronze | プラグイン対応,9656
Antec VP550 Plus JP,550 W | 80PLUS Standard | 2018-12-01発売,-
サイズ COREPOWER S PLUG-IN CORES-500P,500 W | ATX/EPS | 80PLUS Standard | プラグイン対応 | 2017-01-12発売,-
Seasonic SSR-850PX,850 W | ATX | 80PLUS Platinum | プラグイン対応,-
Silverstone SST-ET750-HG,750 W | ATX | 80PLUS Gold | プラグイン対応,9831
Enermax Platimax D.F. EPF500AWT,500 W | ATX | 80PLUS Platinum | プラグイン対応 | 2016-09-10発売,-
GAMDIAS KRATOS M1-600B,600 W | ATX | 80PLUS Bronze | 2019-03-14発売,-
Enermax CYBERBRON ECB700EWT,700 W | ATX | 80PLUS Bronze | 2020-11-21発売,8635
Cyonic AZ-600,600 W | ATX | 80PLUS Bronze | 2017-03-17発売,-
Thermaltake TR2 600W V2 BRONZE PS-TR2-0600NPCBJP-B-V2,600 W | ATX | 80PLUS Bronze | 2016-05-04発売,-
Thermaltake TOUGHPOWER DIGITAL iRGB PLUS 1000W GOLD PS-TPI-1000F3FDGJ-1,1000 W | ATX/EPS | 80PLUS Gold | プラグイン対応 | 2019-11-15発売,21670
Thermaltake Toughpower DPS G Digital 850W PLATINUM PS-TPG-0850DPCPJP-P,850 W | ATX/EPS | 80PLUS Platinum | プラグイン対応 | 2016-05-20発売,-
KEIAN 静か Gold KT-AP500-AXG HC,500 W | ATX | 80PLUS Gold,-
クーラーマスター MasterWatt 750 MPX-7501-AMAAB-JP,750 W | ATX | 80PLUS Bronze | プラグイン対応 | 2017-11-02発売,-
HEC WIN+ POWER 3s HEC-WN3S-700W,700 W | ATX/EPS | 80PLUS Bronze | 2016-02-12発売,-
クーラーマスター MasterWatt Maker 1200 MIJ MPZ-C002-AFBAT-JP,1200 W | ATX | 80PLUS Titanium | プラグイン対応 | 2017-04-28発売,-
Thermaltake SMART PRO RGB 750W PS-SPR-0750FPCBJP-R,750 W | ATX/EPS | 80PLUS Bronze | プラグイン対応 | 2017-06-16発売,-
Seasonic SSR-850FX,850 W | ATX | 80PLUS Gold | プラグイン対応,20878
Seasonic SSR-550FM,550 W | ATX | 80PLUS Gold | プラグイン対応 | 2018-03-23発売,15098
Corsair CX650F RGB CP-9020217-JP,650 W | ATX/EPS | 80PLUS Bronze | プラグイン対応 | 2020-11-21発売,11198
Seasonic SSR-750TD,750 W | ATX | 80PLUS Titanium | プラグイン対応,-
