Corsair CMK32GX4M2D3200C16,2 x 16GB | DDR4-2133(DDR4-3200) | DIMM
CFD W4U2666CX1-8G,2 x 8GB | DDR4-2666 | DIMM | 2019-10-01発売
ADATA AD4U320038G22-D,2 x 8GB | DDR4-3200 | DIMM
Crucial CT2K16G4DFD832A,2 x 16GB | DDR4-3200 | DIMM
ADATA AD4U266638G19-D,2 x 8GB | DDR4-2666 | DIMM
CFD W4U2666CX1-16G,2 x 16GB | DDR4-2666 | DIMM | 2019-10-01発売
Crucial CT2K8G4DFS832A,2 x 8GB | DDR4-3200 | DIMM
Corsair CMK64GX4M2E3200C16,2 x 32GB | DDR4-3200 | DIMM
Crucial CT8G4SFS832A,1 x 8GB | DDR4-3200 | S.O.DIMM
ADATA AX4U266638G16-DBG,2 x 8GB | DDR4-2666 | DIMM
ADATA AD4U3200732G22-D,2 x 32GB | DDR4-3200 | DIMM
ESSENCORE KLEVV KD48GU88C-26N1900,1 x 8GB | DDR4-2666 | DIMM
Corsair CMK32GX4M2B3000C15R,2 x 16GB | DDR4-3000 | DIMM
G.Skill F4-3600C16D-32GTZNC,2 x 16GB | DDR4-2133(DDR4-3600) | DIMM
Crucial CT2K8G4DFS8266,2 x 8GB | DDR4-2666 | DIMM | 2017-06-01発売
ADATA AD4U3200716G22-D,2 x 16GB | DDR4-3200 | DIMM
G.Skill F4-3200C16D-32GTZRX,2 x 16GB | DDR4-3200 | DIMM
CFD D4N2666PS-8G,1 x 8GB | DDR4-2666 | S.O.DIMM
Crucial Ballistix BL2K16G36C16U4B,2 x 16GB | DDR4-3600 | DIMM | 2020-03-27発売
CFD D4N2400PS-4G,1 x 4GB | DDR4-2400 | S.O.DIMM | 2018-03-01発売
CFD Selection W4U3200CM-16G,2 x 16GB | DDR4-3200 | DIMM | 2019-05-01発売
CFD Selection D4N2400CM-8G,1 x 8GB | DDR4-2400 | S.O.DIMM | 2016-09-01発売
G.Skill F4-3600C19D-32GSXWB,2 x 16GB | DDR4-2133(DDR4-3600) | DIMM
ADATA AD4S266638G19-D,2 x 8GB | DDR4-2666 | S.O.DIMM
Corsair CMW32GX4M2Z3600C18,2 x 16GB | DDR4-2666(DDR4-3600) | DIMM
CFD D4U2666PS-16GC19,1 x 16GB | DDR4-2666 | DIMM | 2018-09-01発売
CFD D4U2666PS-8GC19,1 x 8GB | DDR4-2666 | DIMM | 2018-09-01発売
CFD W4U3200PS-8G,2 x 8GB | DDR4-3200 | DIMM | 2019-11-01発売
Crucial CT2K16G4DFD8266,2 x 16GB | DDR4-2666 | DIMM | 2017-06-01発売
G.Skill F4-3200C16D-16GIS,2 x 8GB | DDR4-2133(DDR4-3200) | DIMM
CFD W4U2666PS-4GC19,2 x 4GB | DDR4-2666 | DIMM | 2018-06-01発売
ADATA AD4S2666716G19-D,2 x 16GB | DDR4-2666 | S.O.DIMM
ADATA AD4U2666316G19-D,2 x 16GB | DDR4-2666 | DIMM
CFD W4U3200PS-16G,2 x 16GB | DDR4-3200 | DIMM | 2019-11-01発売
Crucial Ballistix BL2K16G36C16U4R,2 x 16GB | DDR4-3600 | DIMM | 2020-03-27発売
Crucial CT2K32G4DFD832A,2 x 32GB | DDR4-3200 | DIMM
CFD Selection W4U2666CM-8G,2 x 8GB | DDR4-2666 | DIMM
CFD W4U2400PS-4GC17,2 x 4GB | DDR4-2400 | DIMM
Crucial CT2K16G4SFD832A,2 x 16GB | DDR4-3200 | S.O.DIMM
CFD W4N2400PS-8G,2 x 8GB | DDR4-2400 | S.O.DIMM | 2018-03-01発売
CFD D4U2400PS-4GC17,1 x 4GB | DDR4-2400 | DIMM | 2018-07-01発売
Crucial CT2K8G4SFS832A,2 x 8GB | DDR4-3200 | S.O.DIMM
CFD Selection W4U3200CM-8G,2 x 8GB | DDR4-3200 | DIMM | 2019-05-01発売
Crucial CT2K16G4DFS832A,2 x 16GB | DDR4-3200 | DIMM | 2020-07-17発売
G.Skill F4-3600C19D-16GSXWB,2 x 8GB | DDR4-2133(DDR4-3600) | DIMM | 2018-05-02発売
センチュリーマイクロ CE16GX2-D4U3200XMP36,2 x 16GB | DDR4-3200 | DIMM | 2020-09-18発売
Crucial CT16G4SFD832A,1 x 16GB | DDR4-3200 | S.O.DIMM
Crucial Ballistix BL2K32G36C16U4B,2 x 32GB | DDR4-3600 | DIMM | 2020-03-27発売
Corsair CMW16GX4M2C3200C16W,2 x 8GB | DDR4-2133(DDR4-3200) | DIMM
G.Skill F4-3200C16D-16GTZRX,2 x 8GB | DDR4-3200 | DIMM
Crucial CT8G4DFS8266,1 x 8GB | DDR4-2666 | DIMM | 2017-06-01発売
CFD Selection W4N3200CM-16GR,2 x 16GB | DDR4-3200 | S.O.DIMM | 2021-01-01発売
G.Skill F4-2666C19D-16GNT,2 x 8GB | DDR4-2666 | DIMM
CFD D4N2666PS-16G,1 x 16GB | DDR4-2666 | S.O.DIMM | 2017-10-01発売
CFD W4N2666PS-8G,2 x 8GB | DDR4-2666 | S.O.DIMM | 2017-10-01発売
ADATA AD4U2666732G19-D,2 x 32GB | DDR4-2666 | DIMM
CFD Selection W4U2666CM-8GS,2 x 8GB | DDR4-2666 | DIMM
CFD W4U2666PS-16GC19,2 x 16GB | DDR4-2666 | DIMM | 2018-09-01発売
G.Skill F4-3600C16D-32GTZN,2 x 16GB | DDR4-2133(DDR4-3600) | DIMM
ESSENCORE KLEVV KD48GU880-32A160U,2 x 8GB | DDR4-3200 | DIMM
ADATA AX4U320038G16A-DB10,2 x 8GB | DDR4-2666(DDR4-3200) | DIMM
G.Skill F4-3600C18D-64GTZN,2 x 32GB | DDR4-2666(DDR4-3600) | DIMM
Crucial CT8G4SFS8266,1 x 8GB | DDR4-2666 | S.O.DIMM
CFD Selection W4N3200CM-8G,2 x 8GB | DDR4-3200 | S.O.DIMM | 2019-05-01発売
Crucial CT2K32G4SFD8266,2 x 32GB | DDR4-2666 | S.O.DIMM | 2019-11-01発売
Crucial Ballistix BL2K16G32C16U4WL,2 x 16GB | DDR4-3200 | DIMM | 2020-03-27発売
CFD W4U3600HX1-8G,2 x 8GB | DDR4-3600 | DIMM | 2019-10-01発売
Crucial CT16G4SFD8266,1 x 16GB | DDR4-2666 | S.O.DIMM
CFD W4U2666PS-8GC19,2 x 8GB | DDR4-2666 | DIMM | 2018-09-01発売
Crucial CT2K32G4SFD832A,2 x 32GB | DDR4-3200 | S.O.DIMM
CFD W4U3200CX1-8G,2 x 8GB | DDR4-3200 | DIMM | 2019-10-01発売
G.Skill F4-3200C16D-64GTZN,2 x 32GB | DDR4-2666(DDR4-3200) | DIMM
Crucial Ballistix BL2K16G36C16U4W,2 x 16GB | DDR4-3600 | DIMM | 2020-03-27発売
Crucial CT32G4SFD832A,1 x 32GB | DDR4-3200 | S.O.DIMM
RAMMAX RM-SD1066-D8GB,2 x 4GB | DDR3-1066 | S.O.DIMM
バッファロー MV-D4N2400-B8G,1 x 8GB | DDR4-2400 | S.O.DIMM | 2016-10-24発売
umax UM-DDR4D-2666-32GBHS,2 x 16GB | DDR4-2666 | DIMM
ESSENCORE KLEVV KD48GU880-36A180U,2 x 8GB | DDR4-3600 | DIMM
Corsair CMK64GX4M2D3600C18,2 x 32GB | DDR4-2133(DDR4-3600) | DIMM | 2019-10-31発売
umax UM-DDR4D-2666-16GBHS,2 x 8GB | DDR4-2666 | DIMM
G.Skill F4-3600C18D-16GSXAS,2 x 8GB | DDR4-2133(DDR4-3600) | DIMM | 2020-10-09発売
Crucial CT8G4DFS832A,1 x 8GB | DDR4-3200 | DIMM
G.Skill F4-3200C16D-32GSXWB,2 x 16GB | DDR4-3200 | DIMM | 2018-02-10発売
CFD Selection W4N3200CM-16G,2 x 16GB | DDR4-3200 | S.O.DIMM | 2019-05-01発売
CFD W4N2400PS-4G,2 x 4GB | DDR4-2400 | S.O.DIMM | 2018-03-01発売
Corsair CMK32GX4M2D3600C18,2 x 16GB | DDR4-2133(DDR4-3600) | DIMM
Crucial Ballistix BL2K8G36C16U4B,2 x 8GB | DDR4-3600 | DIMM | 2020-03-27発売
Crucial Ballistix BL2K8G32C16U4BL,2 x 8GB | DDR4-3200 | DIMM
CFD D4U2666PS-4GC19,1 x 4GB | DDR4-2666 | DIMM | 2018-06-01発売
トランセンド JM3200HLE-32GK,2 x 16GB | DDR4-3200 | DIMM
CFD D4U2400PS-8GC17,1 x 8GB | DDR4-2400 | DIMM | 2018-07-01発売
キングストン HX426C16FB3K2/16,2 x 8GB | DDR4-2666 | DIMM
ESSENCORE KLEVV KD4AGU880-32A160U,2 x 16GB | DDR4-3200 | DIMM
G.Skill F4-3600C16D-32GTRGC,2 x 16GB | DDR4-3600 | DIMM
CFD D4N2400PS-8G,1 x 8GB | DDR4-2400 | S.O.DIMM | 2018-03-01発売
G.Skill F4-3200C16D-16GTZR,2 x 8GB | DDR4-2133(DDR4-3200) | DIMM
Crucial Ballistix BL2K8G36C16U4W,2 x 8GB | DDR4-3600 | DIMM | 2020-03-27発売
OCMEMORY OCM3200CL22D-32GBNA,2 x 16GB | DDR4-3200 | DIMM | 2020-12-17発売
Corsair CMW16GX4M2C3200C16,2 x 8GB | DDR4-2133(DDR4-3200) | DIMM
CFD Selection D4N2666CM-16G,1 x 16GB | DDR4-2666 | S.O.DIMM | 2017-09-01発売
OCMEMORY OCM3200CL22D-32GBNA,2 x 16GB | DDR4-3200 | DIMM | 2020-12-17発売
Corsair CMT32GX4M4C3600C18,4 x 8GB | DDR4-3600 | DIMM | 2019-03-01発売
RAMMAX RM-SD1333-D8GB,2 x 4GB | DDR3-1333 | S.O.DIMM
Corsair CMW32GX4M2C3200C16W,2 x 16GB | DDR4-2133(DDR4-3200) | DIMM
RAMMAX RM-SD1600-8GBL,1 x 8GB | DDR3L-1600 | S.O.DIMM
umax UM-DDR4D-3200-32GBHS,2 x 16GB | DDR4-3200 | DIMM
G.Skill F4-3600C18D-32GTZN,2 x 16GB | DDR4-3600 | DIMM
CFD Selection W4U3200CM-16GR,2 x 16GB | DDR4-3200 | DIMM | 2021-01-01発売
キングストン KSM32ED8/32ME,1 x 32GB | DDR4-3200 | DIMM | 2020-10-26発売
キングストン HX429C15PB3AK2/16,2 x 8GB | DDR4-2933 | DIMM
ADATA AD4U2666J4G19-D,2 x 4GB | DDR4-2666 | DIMM
キングストン HX432C16FB3AK4/128,4 x 32GB | DDR4-3200 | DIMM
Crucial Ballistix BL2K16G30C15U4WL,2 x 16GB | DDR4-3000 | DIMM | 2020-03-27発売
Crucial CT16G4SFD824A,1 x 16GB | DDR4-2400 | S.O.DIMM
G.Skill F4-3600C18D-16GTZN,2 x 8GB | DDR4-2133(DDR4-3600) | DIMM
Crucial CT8G4SFS824A,1 x 8GB | DDR4-2400 | S.O.DIMM
Corsair CMK32GX4M2B3200C16,2 x 16GB | DDR4-3200 | DIMM
G.Skill F4-3600C16D-32GTZR,2 x 16GB | DDR4-3600 | DIMM
CFD Selection W4N2400CM-16G,2 x 16GB | DDR4-2400 | S.O.DIMM | 2016-09-01発売
Crucial Ballistix BL2K16G36C16U4WL,2 x 16GB | DDR4-3600 | DIMM | 2020-03-27発売
G.Skill F4-3600C18D-32GSXAS,2 x 16GB | DDR4-2133(DDR4-3600) | DIMM | 2020-10-09発売
G.Skill F4-3800C14D-32GTZN,2 x 16GB | DDR4-2133(DDR4-3800) | DIMM
Corsair CMW16GX4M2Z3600C18,2 x 8GB | DDR4-3600 | DIMM
G.Skill F4-3200C16D-16GTRS,2 x 8GB | DDR4-2133(DDR4-3200) | DIMM | 2018-12-01発売
Corsair CMK16GX4M2D3600C18,2 x 8GB | DDR4-2133(DDR4-3600) | DIMM
CFD Selection D4N3200CM-8G,1 x 8GB | DDR4-3200 | S.O.DIMM | 2019-05-01発売
CFD Selection W4N2666CM-8GB,2 x 8GB | DDR4-2666 | S.O.DIMM | 2017-09-01発売
キングストン KVR26N19S8/8,1 x 8GB | DDR4-2666 | DIMM
OCMEMORY OCM3600CL18D-32GBN,2 x 16GB | DDR4-3600 | DIMM
Corsair CMT16GX4M2Z3200C16W,2 x 8GB | DDR4-2666(DDR4-3200) | DIMM | 2020-06-03発売
トランセンド JM3200HLB-8G,1 x 8GB | DDR4-3200 | DIMM
トランセンド JM3200HSE-16G,1 x 16GB | DDR4-3200 | S.O.DIMM
トランセンド JM3200HLE-16G,1 x 16GB | DDR4-3200 | DIMM
G.Skill F3-1600C11D-8GNT,2 x 4GB | DDR3-1600 | DIMM
エレコム EW2666-8G/RO,1 x 8GB | DDR4-2666 | DIMM
エレコム EW2133-N8G/RO,1 x 8GB | DDR4-2133 | S.O.DIMM | 2016-03-01発売
CFD Selection W4U2666CM-32G,2 x 32GB | DDR4-2666 | DIMM | 2020-12-01発売
G.Skill F4-3600C16D-16GTZN,2 x 8GB | DDR4-3600 | DIMM
Crucial CT2K8G4SFS8266,2 x 8GB | DDR4-2666 | S.O.DIMM
Crucial Ballistix MAX BLM2K8G40C18U4B,2 x 8GB | DDR4-4000 | DIMM | 2020-03-27発売
CFD Selection D4N3200CM-16GR,1 x 16GB | DDR4-3200 | S.O.DIMM | 2021-01-01発売
CFD Selection W4U2666CM-16G,2 x 16GB | DDR4-2666 | DIMM
G.Skill F4-3600C18D-16GTRS,2 x 8GB | DDR4-3600 | DIMM
G.Skill F4-3200C16D-32GTZN,2 x 16GB | DDR4-2133(DDR4-3200) | DIMM
G.Skill F4-3600C16D-32GTRSC,2 x 16GB | DDR4-2133(DDR4-3600) | DIMM
CFD Selection W4U3200CM-32G,2 x 32GB | DDR4-3200 | DIMM
Corsair CMD32GX4M2C3200C16,2 x 16GB | DDR4-3200 | DIMM
RAMMAX RM-LD800-D4GB,2 x 2GB | DDR2-800 | DIMM
umax UM-SODDR4S-2666-16G,1 x 16GB | DDR4-2666 | S.O.DIMM
G.Skill F4-3600C18Q-128GTRS,4 x 32GB | DDR4-2666(DDR4-3600) | DIMM
G.Skill F4-3600C18D-64GVK,2 x 32GB | DDR4-2666(DDR4-3600) | DIMM
Crucial Ballistix BL2K16G36C16U4BL,2 x 16GB | DDR4-3600 | DIMM | 2020-03-27発売
キングストン HX436C18FB3AK2/64,2 x 32GB | DDR4-3600 | DIMM
G.Skill F4-3600C16Q-128GTZN,4 x 32GB | DDR4-2666(DDR4-3600) | DIMM
Apacer DV.04G2K.KAM,1 x 4GB | DDR3-1600 | S.O.DIMM
Crucial CT32G4DFD8266,1 x 32GB | DDR4-2666 | DIMM | 2019-11-01発売
Corsair CMT16GX4M2Z3200C16,2 x 8GB | DDR4-3200 | DIMM | 2019-03-01発売
umax UM-DDR4D-3200-16GBHS,2 x 8GB | DDR4-3200 | DIMM
CFD Selection W4N2666CM-8GR,2 x 8GB | DDR4-2666 | S.O.DIMM | 2021-01-01発売
CFD Selection W4N3200CM-8GR,2 x 8GB | DDR4-3200 | S.O.DIMM | 2021-01-01発売
Corsair CMT16GX4M2C3600C18,2 x 8GB | DDR4-3600 | DIMM | 2019-03-01発売
G.Skill F4-3600C16Q-64GTZN,4 x 16GB | DDR4-3600 | DIMM
CFD W4U2400PS-8GC17,2 x 8GB | DDR4-2400 | DIMM
CFD Selection W4N2400CM-8G,2 x 8GB | DDR4-2400 | S.O.DIMM | 2016-09-01発売
Crucial CT2KIT102464BF160B,2 x 8GB | DDR3L-1600 | S.O.DIMM
G.Skill F4-3600C16D-16GTZNC,2 x 8GB | DDR4-2133(DDR4-3600) | DIMM
Crucial CT4G4SFS8266,1 x 4GB | DDR4-2666 | S.O.DIMM
ESSENCORE KLEVV KD44GU481-26N1900,1 x 4GB | DDR4-2666 | DIMM
G.Skill F4-2666C18D-16GTZR,2 x 8GB | DDR4-2666 | DIMM | 2018-03-28発売
Crucial CT2K8G4SFS824A,2 x 8GB | DDR4-2400 | S.O.DIMM
umax UM-DDR4S-2400-8GB,1 x 8GB | DDR4-2400 | DIMM
G.Skill F4-3200C16D-16GTRG,2 x 8GB | DDR4-3200 | DIMM | 2018-12-01発売
センチュリーマイクロ CK16GX2-D4UE3200,2 x 16GB | DDR4-3200 | DIMM | 2019-08-01発売
Corsair CMK32GX4M2Z3600C18,2 x 16GB | DDR4-2666(DDR4-3600) | DIMM
Crucial Ballistix MAX BLM2K16G40C18U4BL,2 x 16GB | DDR4-4000 | DIMM | 2020-03-27発売
RAMMAX RM-SD1600-D16GBL,2 x 8GB | DDR3L-1600 | S.O.DIMM
トランセンド JM3200HSE-32G,1 x 32GB | DDR4-3200 | S.O.DIMM
Corsair CMT32GX4M2Z3600C18,2 x 16GB | DDR4-3600 | DIMM | 2020-06-01発売
G.Skill F4-3200C16D-32GIS,2 x 16GB | DDR4-2133(DDR4-3200) | DIMM
ギガバイト AORUS GP-ARS16G44,2 x 8GB | DDR4-2666(DDR4-4400) | DIMM | 2020-09-04発売
Crucial CT16G4SFS8266,1 x 16GB | DDR4-2666 | S.O.DIMM
Crucial Ballistix BL2K16G32C16U4B,2 x 16GB | DDR4-3200 | DIMM
キングストン HX432C16FB3K2/32,2 x 16GB | DDR4-3200 | DIMM
RAMMAX RM-LD667-D4GB,2 x 2GB | DDR2-667 | DIMM
CFD Selection W4U3200CM-8GR,2 x 8GB | DDR4-3200 | DIMM | 2021-01-01発売
G.Skill F4-2666C19S-8GRS,1 x 8GB | DDR4-2666 | S.O.DIMM
G.Skill F4-3200C16D-16GSXKB,2 x 8GB | DDR4-3200 | DIMM | 2018-02-10発売
Corsair CMK16GX4M2Z3600C18,2 x 8GB | DDR4-3600 | DIMM
Corsair CMW16GX4M2D3600C18,2 x 8GB | DDR4-3600 | DIMM
Crucial CT2K8G4DFS824A,2 x 8GB | DDR4-2400 | DIMM
ESSENCORE KLEVV KD4AGU88C-26N1900,1 x 16GB | DDR4-2666 | DIMM
Crucial Ballistix MAX BLM2K16G40C18U4B,2 x 16GB | DDR4-4000 | DIMM | 2020-03-27発売
センチュリーマイクロ CK32GX4-D4UE3200,4 x 32GB | DDR4-3200 | DIMM | 2020-01-01発売
Crucial Ballistix BL2K8G32C16U4WL,2 x 8GB | DDR4-3200 | DIMM | 2020-03-27発売
Antec AM4U36188G11-7DKR,2 x 8GB | DDR4-3600 | DIMM | 2020-05-30発売
Crucial CT16G4DFS832A,1 x 16GB | DDR4-3200 | DIMM | 2020-07-04発売
G.Skill F4-4000C18D-64GVK,2 x 32GB | DDR4-2666(DDR4-4000) | DIMM
ESSENCORE KLEVV KD4AGU880-36A180C,2 x 16GB | DDR4-3600 | DIMM
Crucial CT2K4G4DFS8266,2 x 4GB | DDR4-2666 | DIMM
Corsair CMK32GX4M2D3000C16,2 x 16GB | DDR4-3000 | DIMM
G.Skill F4-3200C16D-32GTRS,2 x 16GB | DDR4-3200 | DIMM
キングストン HX432C16FB3K2/16,2 x 8GB | DDR4-3200 | DIMM
IODATA DZ2400-4G/ST,1 x 4GB | DDR4-2400 | DIMM | 2018-11-01発売
Crucial Ballistix MAX BLM2K8G44C19U4B,2 x 8GB | DDR4-4400 | DIMM | 2020-03-27発売
G.Skill F4-3600C16Q-128GTZR,4 x 32GB | DDR4-2666(DDR4-3600) | DIMM
キングストン HX429S17IB/16,1 x 16GB | DDR4-2933 | S.O.DIMM
G.Skill F4-3200C16D-16GTZN,2 x 8GB | DDR4-2133(DDR4-3200) | DIMM
GALAXY GALAX HOF4CJL4BST4000M19SF162CL,2 x 8GB | DDR4-4000 | DIMM | 2019-08-24発売
G.Skill F4-3600C16Q-64GTRSC,4 x 16GB | DDR4-3600 | DIMM
Corsair CMW32GX4M2C3200C16,2 x 16GB | DDR4-2133(DDR4-3200) | DIMM
CFD Selection W3U1600CM-8G,2 x 8GB | DDR3-1600 | DIMM | 2016-09-01発売
Crucial Ballistix BLS4K8G4D32AESBK,4 x 8GB | DDR4-3200 | DIMM
CFD Selection W4N2666CM-16GB,2 x 16GB | DDR4-2666 | S.O.DIMM | 2017-09-01発売
Silicon Power SP008GLSTU160N22,2 x 4GB | DDR3L-1600 | S.O.DIMM
G.Skill F4-3600C16D-16GTZRC,2 x 8GB | DDR4-3600 | DIMM
CFD Selection D4N3200CM-4G,1 x 4GB | DDR4-3200 | S.O.DIMM | 2019-05-01発売
CFD Selection D4N2400CM-16G,1 x 16GB | DDR4-2400 | S.O.DIMM | 2016-09-01発売
CFD Selection W4U2400CM-8G,2 x 8GB | DDR4-2400 | DIMM | 2016-09-01発売
Corsair CMK32GX4M2Z3200C16,2 x 16GB | DDR4-3200 | DIMM
Crucial CT2K16G4SFD8266,2 x 16GB | DDR4-2666 | S.O.DIMM
キングストン KVR24N17S8/8,1 x 8GB | DDR4-2400 | DIMM
G.Skill F4-2133C15D-32GFT,2 x 16GB | DDR4-2133 | DIMM
トランセンド JetRam JM2666HSB-8G,1 x 8GB | DDR4-2666 | S.O.DIMM
キングストン HX432C16PB3AK2/16,2 x 8GB | DDR4-3200 | DIMM
IODATA DZ2666-8G/ST,1 x 8GB | DDR4-2666 | DIMM | 2019-02-01発売
G.Skill F4-3800C14Q-32GTZN,4 x 8GB | DDR4-3800 | DIMM
G.Skill F4-3600C16Q-32GTZNC,4 x 8GB | DDR4-2133(DDR4-3600) | DIMM
エレコム EW2400-N8G/RO,1 x 8GB | DDR4-2400 | S.O.DIMM | 2017-02-01発売
Crucial Ballistix BL2K8G32C16U4B,2 x 8GB | DDR4-3200 | DIMM
Crucial Ballistix BL2K8G30C15U4RL,2 x 8GB | DDR4-3000 | DIMM | 2020-03-27発売
トランセンド TS2666HLE-32G,1 x 32GB | DDR4-2666 | DIMM
G.Skill F4-3600C18Q-128GTZN,4 x 32GB | DDR4-2666(DDR4-3600) | DIMM
Crucial Ballistix BL2K16G36C16U4RL,2 x 16GB | DDR4-3600 | DIMM | 2020-03-27発売
RAMMAX RM-LD1333-D16GB,2 x 8GB | DDR3-1333 | DIMM
Corsair CMT32GX4M2C3200C16W,2 x 16GB | DDR4-2133(DDR4-3200) | DIMM | 2020-06-07発売
G.Skill F4-4000C17D-32GTRGB,2 x 16GB | DDR4-4000 | DIMM
キングストン HX429S17IBK2/64,2 x 32GB | DDR4-2933 | S.O.DIMM
Corsair CMW64GX4M4E3200C16,4 x 16GB | DDR4-3200 | DIMM
G.Skill F4-3800C18D-16GTZN,2 x 8GB | DDR4-2133(DDR4-3800) | DIMM
Corsair CMK128GX4M4E3200C16,4 x 32GB | DDR4-3200 | DIMM
RAMMAX RM-LD1333-D4GB,2 x 2GB | DDR3-1333 | DIMM
Crucial CT2KIT51264BF160B,2 x 4GB | DDR3L-1600 | S.O.DIMM
G.Skill F4-3200C16Q-32GTRS,4 x 8GB | DDR4-3200 | DIMM
Silicon Power SP004GBLTU133N02,1 x 4GB | DDR3-1333 | DIMM
Crucial CT2K4G4SFS824A,2 x 4GB | DDR4-2400 | S.O.DIMM
CFD Selection W4U2666CM-16GS,2 x 16GB | DDR4-2666 | DIMM
Corsair CMT32GX4M2C3200C16,2 x 16GB | DDR4-3200 | DIMM | 2019-03-01発売
CFD Selection D4N2400CM-4G,1 x 4GB | DDR4-2400 | S.O.DIMM | 2016-09-01発売
Corsair CMSX32GX4M2A3200C22,2 x 16GB | DDR4-3200 | S.O.DIMM
CFD Selection W3U1600CM-4G,2 x 4GB | DDR3-1600 | DIMM | 2016-09-01発売
キングストン HX429S17IB2K2/16,2 x 8GB | DDR4-2933 | S.O.DIMM
キングストン KVR26S19S6/4,1 x 4GB | DDR4-2666 | S.O.DIMM
エレコム EW2133-N4G/RO,1 x 4GB | DDR4-2133 | S.O.DIMM | 2016-03-01発売
Corsair CMW16GX4M2K4000C19,2 x 8GB | DDR4-4000 | DIMM
バッファロー MV-D4N2400-S4G,1 x 4GB | DDR4-2400 | S.O.DIMM | 2016-10-24発売
CFD Selection D4N3200CM-16G,1 x 16GB | DDR4-3200 | S.O.DIMM | 2019-05-01発売
CFD W4N2666PS-16G,2 x 16GB | DDR4-2666 | S.O.DIMM
Crucial CT2K16G4SFD824A,2 x 16GB | DDR4-2400 | S.O.DIMM
Corsair CMK16GX4M2D3200C16,2 x 8GB | DDR4-2133(DDR4-3200) | DIMM
G.Skill F4-3600C18D-32GTRG,2 x 16GB | DDR4-3600 | DIMM
G.Skill F4-3200C16D-32GTZR,2 x 16GB | DDR4-2133(DDR4-3200) | DIMM
Corsair CMT32GX4M4C3200C16,4 x 8GB | DDR4-3200 | DIMM | 2019-03-01発売
G.Skill F4-3600C16Q-64GTZNC,4 x 16GB | DDR4-2133(DDR4-3600) | DIMM
トランセンド TS2666HSH-4G,1 x 4GB | DDR4-2666 | S.O.DIMM
ADATA AX4U3200316G16A-DB30,2 x 16GB | DDR4-3200 | DIMM
Crucial Ballistix BL2K32G32C16U4B,2 x 32GB | DDR4-3200 | DIMM
Crucial Ballistix BL2K16G32C16U4BL,2 x 16GB | DDR4-3200 | DIMM
Crucial Ballistix MAX BLM2K16G44C19U4B,2 x 16GB | DDR4-4400 | DIMM | 2020-03-27発売
Crucial Ballistix BL2K32G32C16S4B,2 x 32GB | DDR4-3200 | S.O.DIMM | 2020-03-27発売
Crucial Ballistix BL2K8G36C16U4WL,2 x 8GB | DDR4-3600 | DIMM | 2020-03-27発売
Crucial Ballistix BL2K8G26C16U4B,2 x 8GB | DDR4-2666 | DIMM | 2020-03-27発売
Crucial Ballistix BL2K8G32C16U4W,2 x 8GB | DDR4-3200 | DIMM | 2020-03-27発売
Crucial Ballistix BL2K16G32C16U4RL,2 x 16GB | DDR4-3200 | DIMM | 2020-03-27発売
Crucial Ballistix BL2K16G26C16U4B,2 x 16GB | DDR4-2666 | DIMM | 2020-03-27発売
Crucial CT32G4DFD832A,1 x 32GB | DDR4-3200 | DIMM
G.Skill F4-3600C18Q-128GVK,4 x 32GB | DDR4-3600 | DIMM
サムスン M471A1K43CB1-CTD,1 x 8GB | DDR4-2666 | S.O.DIMM
センチュリーマイクロ CD32G-D4UE3200,1 x 32GB | DDR4-3200 | DIMM | 2020-01-01発売
G.Skill F4-3600C16D-64GTZN,2 x 32GB | DDR4-2666(DDR4-3600) | DIMM
G.Skill F4-3600C14D-32GTZN,2 x 16GB | DDR4-2666(DDR4-3600) | DIMM
Corsair CMW16GX4M2D3600C18W,2 x 8GB | DDR4-3600 | DIMM
ADATA AX4U360038G18A-DB10,2 x 8GB | DDR4-2666(DDR4-3600) | DIMM
Corsair CMT32GX4M4Z3200C16W,4 x 8GB | DDR4-2666(DDR4-3200) | DIMM | 2020-06-03発売
Corsair CMW32GX4M2D3600C18,2 x 16GB | DDR4-2133(DDR4-3600) | DIMM
トランセンド JM2666HSE-16G,1 x 16GB | DDR4-2666 | S.O.DIMM
Corsair CMT16GX4M2C3200C16,2 x 8GB | DDR4-3200 | DIMM | 2019-03-01発売
Crucial CT51264BF160B,1 x 4GB | DDR3L-1600 | S.O.DIMM
G.Skill F4-3600C14Q-32GTRGB,4 x 8GB | DDR4-3600 | DIMM
G.Skill F4-4000C18Q-32GTRS,4 x 8GB | DDR4-4000 | DIMM
キングストン HX426C16FB3AK2/16,2 x 8GB | DDR4-2666 | DIMM
アユート セレクトメモリー AU-4XM378A4G43AB2-CVF,4 x 32GB | DDR4-2933 | DIMM | 2020-06-01発売
サムスン M378A1K43CB2-CTD,1 x 8GB | DDR4-2666 | DIMM
CFD Selection W4U2400CM-4G,2 x 4GB | DDR4-2400 | DIMM | 2016-09-01発売
Crucial CT2K16G4DFD824A,2 x 16GB | DDR4-2400 | DIMM
キングストン HX429S17IBK2/32,2 x 16GB | DDR4-2933 | S.O.DIMM
G.Skill F4-3200C14D-16GTRS,2 x 8GB | DDR4-3200 | DIMM | 2018-12-01発売
キングストン KVR32S22S8/16,1 x 16GB | DDR4-3200 | S.O.DIMM
umax UM-DDR3S-1600-8GB,1 x 8GB | DDR3-1600 | DIMM
RAMMAX RM-SD800-D4GB,2 x 2GB | DDR2-800 | S.O.DIMM
G.Skill F4-3600C19Q-64GSXWB,4 x 16GB | DDR4-3600 | DIMM
キングストン HX432C16FB3AK2/16,2 x 8GB | DDR4-3200 | DIMM
CFD W4U4133HX1-8G,2 x 8GB | DDR4-4133 | DIMM | 2019-10-01発売
ADATA AD4U266638G19-R,1 x 8GB | DDR4-2666 | DIMM
トランセンド TS1GSH64V4B,1 x 8GB | DDR4-2400 | S.O.DIMM | 2016-05-01発売
Crucial CT4G4SFS824A,1 x 4GB | DDR4-2400 | S.O.DIMM
トランセンド JetRam JM2666HLB-8G,1 x 8GB | DDR4-2666 | DIMM
Corsair CMX8GX3M1A1600C11,1 x 8GB | DDR3-1600 | DIMM
Corsair CMSO8GX4M1A2133C15,1 x 8GB | DDR4-2133 | S.O.DIMM
G.Skill F4-3600C18Q-32GTZN,4 x 8GB | DDR4-2133(DDR4-3600) | DIMM
トランセンド TS2GSH64V4B,1 x 16GB | DDR4-2400 | S.O.DIMM
Corsair CMK16GX4M2Z3200C16,2 x 8GB | DDR4-3200 | DIMM
IODATA DZ2400-8G/ST,1 x 8GB | DDR4-2400 | DIMM | 2018-11-01発売
Corsair CMT32GX4M4Z3200C16,4 x 8GB | DDR4-3200 | DIMM | 2019-03-01発売
Corsair CMK32GX4M2E3200C16,2 x 16GB | DDR4-3200 | DIMM
キングストン HX432C16PB3AK2/32,2 x 16GB | DDR4-3200 | DIMM
G.Skill F4-3200C14Q-32GTZN,4 x 8GB | DDR4-3200 | DIMM
Corsair CMK32GX4M2A2133C13,2 x 16GB | DDR4-2133 | DIMM
エレコム EW2400-8G/RO,1 x 8GB | DDR4-2400 | DIMM | 2017-02-01発売
センチュリーマイクロ CK8GX2-D4UE3200H,2 x 8GB | DDR4-3200 | DIMM | 2019-08-01発売
G.Skill F4-3200C16Q-128GTZN,4 x 32GB | DDR4-2666(DDR4-3200) | DIMM
Crucial Ballistix BL2K32G32C16U4R,2 x 32GB | DDR4-3200 | DIMM | 2020-03-27発売
Crucial Ballistix MAX BLM2K8G40C18U4BL,2 x 8GB | DDR4-4000 | DIMM | 2020-03-27発売
Crucial Ballistix BL2K8G30C15U4BL,2 x 8GB | DDR4-3000 | DIMM | 2020-03-27発売
Crucial CT2K32G4DFD8266,2 x 32GB | DDR4-2666 | DIMM | 2019-11-01発売
G.Skill F4-3600C16D-64GTZR,2 x 32GB | DDR4-2666(DDR4-3600) | DIMM
G.Skill F4-3600C14D-32GTZR,2 x 16GB | DDR4-2666(DDR4-3600) | DIMM
センチュリーマイクロ CE32GX2-D4U3200XMP36,2 x 32GB | DDR4-3200 | DIMM | 2020-09-18発売
トランセンド JM2666HLE-32G,1 x 32GB | DDR4-2666 | DIMM
Team TPD416G2666HC19DC01,2 x 8GB | DDR4-2666 | DIMM
Corsair CMW16GX4M2A2666C16,2 x 8GB | DDR4-2666 | DIMM
エレコム EW2666-16G/RO,1 x 16GB | DDR4-2666 | DIMM | 2019-05-01発売
サムスン M378A4G43MB1-CTD,1 x 32GB | DDR4-2666 | DIMM
RAMMAX RM-SD1333-4GB,1 x 4GB | DDR3-1333 | S.O.DIMM
Corsair CMR16GX4M2C3000C16,2 x 8GB | DDR4-3000 | DIMM
RAMMAX RM-SD1600-4GBL,1 x 4GB | DDR3L-1600 | S.O.DIMM
キングストン HX426C16FB3K4/64,4 x 16GB | DDR4-2666 | DIMM
G.Skill F4-3600C16Q-64GTZRC,4 x 16GB | DDR4-3600 | DIMM
Corsair CMW16GX4M2A2666C16W,2 x 8GB | DDR4-2133(DDR4-2666) | DIMM
Corsair CMW128GX4M4D3000C16,4 x 32GB | DDR4-2133(DDR4-3000) | DIMM
G.Skill F4-3200C16Q-128GTZR,4 x 32GB | DDR4-2666(DDR4-3200) | DIMM
トランセンド TS2GKR72V3H,1 x 16GB | DDR3-1333 | DIMM
キングストン KVR26S19S8/8,1 x 8GB | DDR4-2666 | S.O.DIMM
バッファロー D4N2400-S4G,1 x 4GB | DDR4-2400 | S.O.DIMM | 2016-10-01発売
Crucial CT2K4G4SFS8266,2 x 4GB | DDR4-2666 | S.O.DIMM
CFD Selection W4N2400CM-4G,2 x 4GB | DDR4-2400 | S.O.DIMM | 2016-09-01発売
Corsair CMK32GX4M2A2666C16W,2 x 16GB | DDR4-2666 | DIMM
Corsair CMW32GX4M4C3200C16W,4 x 8GB | DDR4-3200 | DIMM
G.Skill F4-3600C18D-16GTRG,2 x 8GB | DDR4-3600 | DIMM
Crucial CT2K4G4DFS824A,2 x 4GB | DDR4-2400 | DIMM
キングストン KSM29ES8/16ME,1 x 16GB | DDR4-2933 | DIMM
キングストン KVR32S22S8/8,1 x 8GB | DDR4-3200 | S.O.DIMM
G.Skill F4-3600C18D-32GTRS,2 x 16GB | DDR4-3600 | DIMM
キングストン HX432C16PB3AK4/32,4 x 8GB | DDR4-3200 | DIMM
Crucial CT8G4DFS824A,1 x 8GB | DDR4-2400 | DIMM
Crucial CT8G4DFD824A,1 x 8GB | DDR4-2400 | DIMM
G.Skill F4-3600C16Q-64GTRGC,4 x 16GB | DDR4-3600 | DIMM
G.Skill F4-3200C14D-16GTZN,2 x 8GB | DDR4-3200 | DIMM
Adtec ADS2933D-R64GDA,1 x 64GB | DDR4-2933 | DIMM | 2019-06-01発売
Corsair CMK128GX4M4A2400C16,4 x 32GB | DDR4-2400 | DIMM | 2019-07-19発売
IODATA SDY1600L-8G/EC,1 x 8GB | DDR3L-1600 | S.O.DIMM
キングストン HX321LS11IB2K2/16,2 x 8GB | DDR3L-2133 | S.O.DIMM
umax UM-DDR4D-2666-8GBHS,2 x 4GB | DDR4-2666 | DIMM
G.Skill F4-2666C18D-64GVK,2 x 32GB | DDR4-2666 | DIMM
Crucial BLS2K16G4S26BFSD,2 x 16GB | DDR4-2666 | S.O.DIMM
キングストン KSM29RD8/16MEI,1 x 16GB | DDR4-2933 | DIMM
Crucial CT16G4DFD8266,1 x 16GB | DDR4-2666 | DIMM
Corsair CMSX64GX4M4A2666C18,4 x 16GB | DDR4-2666 | S.O.DIMM
G.Skill F4-2133C15Q-32GIS,4 x 8GB | DDR4-2133 | DIMM
Corsair CMK64GX4M4A2133C13,4 x 16GB | DDR4-2133 | DIMM
キングストン HX426C16FB3K2/32,2 x 16GB | DDR4-2666 | DIMM
ADATA AD4S2666J4G19-R,1 x 4GB | DDR4-2666 | S.O.DIMM
IODATA SDY1600L-8GR/ST,1 x 8GB | DDR3L-1600 | S.O.DIMM | 2019-02-01発売
umax UM-SODDR4S-2400-16G,1 x 16GB | DDR4-2400 | S.O.DIMM
エレコム EW2666-N8G/RO,1 x 8GB | DDR4-2666 | S.O.DIMM
キングストン KVR24N17S6/4,1 x 4GB | DDR4-2400 | DIMM
エレコム EW2400-N4G/RO,1 x 4GB | DDR4-2400 | S.O.DIMM | 2017-02-01発売
CFD D4U2400PS-16G,1 x 16GB | DDR4-2400 | DIMM
G.Skill F4-3200C16Q2-256GTRG,8 x 32GB | DDR4-2666(DDR4-3200) | DIMM
Corsair CMK16GX4M2C3600C20,2 x 8GB | DDR4-3600 | DIMM
Crucial CT32G4SFD8266,1 x 32GB | DDR4-2666 | S.O.DIMM | 2019-11-01発売
Crucial Ballistix BL2K8G32C16S4B,2 x 8GB | DDR4-3200 | S.O.DIMM
Crucial Ballistix BL2K16G32C16U4W,2 x 16GB | DDR4-3200 | DIMM | 2020-03-27発売
Crucial Ballistix BL2K8G36C16U4BL,2 x 8GB | DDR4-3600 | DIMM | 2020-03-27発売
Crucial Ballistix BL2K8G30C15U4WL,2 x 8GB | DDR4-3000 | DIMM | 2020-03-27発売
Crucial Ballistix BL2K8G32C16U4R,2 x 8GB | DDR4-3200 | DIMM | 2020-03-27発売
センチュリーマイクロ CK32GX2-D4UE3200,2 x 32GB | DDR4-3200 | DIMM | 2020-01-01発売
RAMMAX RM-SD1333-D16GB,2 x 8GB | DDR3-1333 | S.O.DIMM
Antec AM4U32168G11-7DKR,2 x 8GB | DDR4-3200 | DIMM | 2020-05-30発売
アユート セレクトメモリー AU-2XM378A4G43AB2-CVF,2 x 32GB | DDR4-2933 | DIMM | 2020-06-01発売
Corsair CMT16GX4M2C3200C16W,2 x 8GB | DDR4-2133(DDR4-3200) | DIMM
アユート セレクトメモリー AU-2XM471A2K43DB1-CWE,2 x 16GB | DDR4-3200 | S.O.DIMM | 2020-06-01発売
G.Skill F4-3200C22D-16GRS,2 x 8GB | DDR4-3200 | S.O.DIMM
Adtec ADS2933D-H8GW,2 x 8GB | DDR4-2933 | DIMM | 2020-08-01発売
トランセンド JM3200HLE-32G,1 x 32GB | DDR4-3200 | DIMM
トランセンド JM3200HLB-16GK,2 x 8GB | DDR4-3200 | DIMM
G.Skill F4-4000C16D-32GVK,2 x 16GB | DDR4-2133(DDR4-4000) | DIMM
キングストン KSM32RD4/64MER,1 x 64GB | DDR4-3200 | DIMM
G.Skill F4-3600C16D-64GTRG,2 x 32GB | DDR4-2666(DDR4-3600) | DIMM
G.Skill F4-3600C14D-32GTRG,2 x 16GB | DDR4-2666(DDR4-3600) | DIMM
G.Skill F4-3600C14D-32GVK,2 x 16GB | DDR4-2666(DDR4-3600) | DIMM
Adtec ADS2933D-16GW,2 x 16GB | DDR4-2933 | DIMM | 2020-08-01発売
Crucial Ballistix BL2K16G32C16S4B,2 x 16GB | DDR4-3200 | S.O.DIMM
キングストン HX437C19FB3AK2/32,2 x 16GB | DDR4-3733 | DIMM
IODATA SDZ2133-4GR/ST,1 x 4GB | DDR4-2133 | S.O.DIMM | 2019-05-01発売
キングストン HX432C18FWK2/32,2 x 16GB | DDR4-3200 | DIMM
Crucial CT32G4RFD4293,1 x 32GB | DDR4-2933 | DIMM
CFD Selection W4U3200CM-4G,2 x 4GB | DDR4-3200 | DIMM | 2019-05-01発売
G.Skill F4-3600C19D-16GVRB,2 x 8GB | DDR4-2133(DDR4-3600) | DIMM
Crucial Ballistix BL2K32G32C16U4W,2 x 32GB | DDR4-3200 | DIMM | 2020-03-27発売
G.Skill F4-4000C18Q-32GTZRB,4 x 8GB | DDR4-4000 | DIMM
Corsair CMSO8GX3M1C1333C9,1 x 8GB | DDR3L-1333 | S.O.DIMM
Corsair CMK64GX4M4E3200C16,4 x 16GB | DDR4-3200 | DIMM
G.Skill F4-3200C16Q-64GTRS,4 x 16GB | DDR4-3200 | DIMM
サムスン M378A1K43DB2-CVF,1 x 8GB | DDR4-2933 | DIMM
Corsair CMV32GX4M1A2666C18,1 x 32GB | DDR4-2400(DDR4-2666) | DIMM
トランセンド JM3200HSG-8G,1 x 8GB | DDR4-3200 | S.O.DIMM
Adtec ADS2400N-H8G,1 x 8GB | DDR4-2400 | S.O.DIMM | 2016-10-25発売
Team TED432G3200C22DC01,2 x 16GB | DDR4-3200 | DIMM | 2019-10-25発売
Crucial CT102464BD160B,1 x 8GB | DDR3L-1600 | DIMM
Team TED416G3200C22DC01,2 x 8GB | DDR4-3200 | DIMM | 2019-10-25発売
G.Skill F4-3600C18Q-32GTRG,4 x 8GB | DDR4-3600 | DIMM
G.Skill F4-3200C16Q2-64GTRS,8 x 8GB | DDR4-3200 | DIMM
G.Skill F4-4000C19D-32GTZR,2 x 16GB | DDR4-2133(DDR4-4000) | DIMM
OCMEMORY OCM3200CL16Q-32GBND,4 x 8GB | DDR4-3200 | DIMM
G.Skill F4-3600C16Q-32GTRSC,4 x 8GB | DDR4-3600 | DIMM
G.Skill F4-2133C15D-32GFX,2 x 16GB | DDR4-2133 | DIMM
G.Skill F4-3000C16D-32GISB,2 x 16GB | DDR4-3000 | DIMM
CFD Selection W4U2666CM-16GR,2 x 16GB | DDR4-2666 | DIMM | 2021-01-01発売
CFD Selection W4U2666CM-8GR,2 x 8GB | DDR4-2666 | DIMM | 2021-01-01発売
GALAXY GALAX HOF4SJL4BST4600Q18TC162C,2 x 8GB | DDR4-4600 | DIMM | 2020-12-18発売
キングストン KSM32ES8/16ME,1 x 16GB | DDR4-3200 | DIMM
キングストン KSM29RS4/32MER,1 x 32GB | DDR4-2933 | DIMM
G.Skill F4-3600C19D-32GTRS,2 x 16GB | DDR4-3600 | DIMM
キングストン KSM29ED8/32ME,1 x 32GB | DDR4-2933 | DIMM | 2020-10-26発売
Crucial Ballistix BLS16G4D32AESB,1 x 16GB | DDR4-3200 | DIMM
G.Skill F4-3200C16D-32GSXKB,2 x 16GB | DDR4-3200 | DIMM | 2018-02-10発売
キングストン KTH-PL424E/16G,1 x 16GB | DDR4-2400 | DIMM
CFD Selection W4N3200CM-4G,2 x 4GB | DDR4-3200 | S.O.DIMM | 2019-05-01発売
Crucial CT16G4DFD832A,1 x 16GB | DDR4-3200 | DIMM
トランセンド TS1GLK64W6H,1 x 8GB | DDR3L-1600 | DIMM
Crucial Ballistix BLS16G4D32AESB,1 x 16GB | DDR4-3200 | DIMM
Corsair CMK32GX4M4D3600C18,4 x 8GB | DDR4-3600 | DIMM
Corsair CMT64GX4M4K3600C18,4 x 16GB | DDR4-3600 | DIMM | 2019-03-01発売
G.Skill F4-3200C16D-32GSXKB,2 x 16GB | DDR4-3200 | DIMM | 2018-02-10発売
センチュリーマイクロ CK8GX4-D4UE2666H,4 x 8GB | DDR4-2666 | DIMM
キングストン HX429C15PB3AK4/32,4 x 8GB | DDR4-2933 | DIMM
CFD Selection W4U2400CM-16G,2 x 16GB | DDR4-2400 | DIMM | 2016-09-01発売
G.Skill F4-3600C17D-32GTZ,2 x 16GB | DDR4-3600 | DIMM
ESSENCORE KLEVV KD48GU880-32A160W,1 x 8GB | DDR4-3200 | DIMM
G.Skill F4-2933C16D-16GTZRX,2 x 8GB | DDR4-2933 | DIMM
キングストン KSM26LQ4/64HAI,1 x 64GB | DDR4-2666 | DIMM
Corsair CMSX32GX4M2A2666C18,2 x 16GB | DDR4-2666 | S.O.DIMM
G.Skill F4-4000C18D-16GTRG,2 x 8GB | DDR4-4000 | DIMM
G.Skill F4-3600C18Q-32GTRS,4 x 8GB | DDR4-3600 | DIMM
G.Skill F4-3200C16D-64GVK,2 x 32GB | DDR4-3200 | DIMM
トランセンド JetRam JM2666HSH-4G,1 x 4GB | DDR4-2666 | S.O.DIMM
Corsair CMW16GX4M2Z2933C16,2 x 8GB | DDR4-2666(DDR4-2933) | DIMM
Corsair CMW32GX4M2A2666C16,2 x 16GB | DDR4-2666 | DIMM
umax UM-SODDR3S-1600-8G,1 x 8GB | DDR3-1600 | S.O.DIMM
G.Skill F4-2133C15D-32GFXR,2 x 16GB | DDR4-2133 | DIMM
umax UM-SODDR3S-1600-8G,1 x 8GB | DDR3-1600 | S.O.DIMM
G.Skill F4-2133C15D-32GFXR,2 x 16GB | DDR4-2133 | DIMM
IODATA SDY1600L-4GR/ST,1 x 4GB | DDR3L-1600 | S.O.DIMM | 2019-02-01発売
RAMMAX RM-SD800-D2GB,2 x 1GB | DDR2-800 | S.O.DIMM
キングストン KSM26RD8/16MEI,1 x 16GB | DDR4-2666 | DIMM
G.Skill F4-2133C15D-32GRS,2 x 16GB | DDR4-2133 | S.O.DIMM
キングストン HX434C16FB3K4/32,4 x 8GB | DDR4-3466 | DIMM
キングストン KVR24N17D8/16,1 x 16GB | DDR4-2400 | DIMM
G.Skill F4-3600C18D-32GVK,2 x 16GB | DDR4-3600 | DIMM
G.Skill F4-4266C19D-16GTZR,2 x 8GB | DDR4-4266 | DIMM
Corsair CMW64GX4M4C3200C16,4 x 16GB | DDR4-3200 | DIMM
G.Skill F4-3200C16Q-32GTZN,4 x 8GB | DDR4-3200 | DIMM
トランセンド JetRam JM2666HSB-16G,1 x 16GB | DDR4-2666 | S.O.DIMM
トランセンド TS512MLK64W6H,1 x 4GB | DDR3L-1600 | DIMM
Adtec ADS2666D-H8G,1 x 8GB | DDR4-2666 | DIMM | 2018-07-01発売
キングストン HX432C16FB3/8,1 x 8GB | DDR4-3200 | DIMM
G.Skill F4-3600C18Q-64GTRS,4 x 16GB | DDR4-3600 | DIMM
キングストン HX424C15FB3A/16,1 x 16GB | DDR4-2400 | DIMM
キングストン KSM26RD8L/16MEI,1 x 16GB | DDR4-2666 | DIMM
IODATA SDZ2133-8GR/ST,1 x 8GB | DDR4-2133 | S.O.DIMM | 2019-05-01発売
キングストン KSM26RD8L/16MEI,1 x 16GB | DDR4-2666 | DIMM
IODATA SDZ2133-8GR/ST,1 x 8GB | DDR4-2133 | S.O.DIMM | 2019-05-01発売
umax UM-DDR4S-2666-4GB,1 x 4GB | DDR4-2666 | DIMM
キングストン HX430C15PB3AK4/64,4 x 16GB | DDR4-3000 | DIMM
Adtec ADS2400D-HEV8G,1 x 8GB | DDR4-2400 | DIMM | 2017-01-01発売
キングストン HX429C15PB3A/8,1 x 8GB | DDR4-2933 | DIMM
Corsair CMW32GX4M2Z3200C16,2 x 16GB | DDR4-3200 | DIMM
umax UM-DDR4S-2666-8GB,1 x 8GB | DDR4-2666 | DIMM
G.Skill F4-3200C16Q2-64GTRG,8 x 8GB | DDR4-3200 | DIMM
G.Skill F4-3600C16D-32GTZRC,2 x 16GB | DDR4-3600 | DIMM
Corsair CMK32GX4M4A2666C16B,4 x 8GB | DDR4-2666 | DIMM
G.Skill F4-3200C16Q2-256GTZN,8 x 32GB | DDR4-2666(DDR4-3200) | DIMM
G.Skill F4-2666C18Q2-256GTRG,8 x 32GB | DDR4-2666 | DIMM
G.Skill F4-2666C18Q-128GTRS,4 x 32GB | DDR4-2666 | DIMM
G.Skill F4-3200C16D-64GTRG,2 x 32GB | DDR4-3200 | DIMM
G.Skill F4-2666C18Q-128GTZN,4 x 32GB | DDR4-2666 | DIMM
キングストン KVR32N22S6/4,1 x 4GB | DDR4-3200 | DIMM
キングストン HX436C17FB3AK2/32,2 x 16GB | DDR4-3600 | DIMM
Crucial Ballistix BL2K32G32C16U4BL,2 x 32GB | DDR4-3200 | DIMM | 2020-03-27発売
トランセンド JM2666HSE-32G,1 x 32GB | DDR4-2666 | S.O.DIMM
G.Skill F4-3600C18Q-128GTZR,4 x 32GB | DDR4-2666(DDR4-3600) | DIMM
G.Skill F4-3600C18D-64GTRS,2 x 32GB | DDR4-2666(DDR4-3600) | DIMM
G.Skill F4-3600C18D-64GTZR,2 x 32GB | DDR4-2666(DDR4-3600) | DIMM
Apple MX8G2G/A,2 x 128GB | DDR4-2933 | DIMM
トランセンド TS2666HLH-4G,1 x 4GB | DDR4-2666 | DIMM
Crucial Ballistix BL2K16G30C15U4BL,2 x 16GB | DDR4-3000 | DIMM | 2020-03-27発売
Crucial Ballistix BL2K8G36C16U4RL,2 x 8GB | DDR4-3600 | DIMM | 2020-03-27発売
Crucial Ballistix BL2K8G36C16U4R,2 x 8GB | DDR4-3600 | DIMM | 2020-03-27発売
Crucial Ballistix BL2K8G26C16U4W,2 x 8GB | DDR4-2666 | DIMM | 2020-03-27発売
キングストン HX432C16FB3K2/64,2 x 32GB | DDR4-3200 | DIMM
アユート セレクトメモリー AU-M471A2K43DB1-CWE,1 x 16GB | DDR4-3200 | S.O.DIMM
Corsair CMK64GX4M2Z4000C18,2 x 32GB | DDR4-4000 | DIMM
Corsair CMT32GX4M4C3200C16W,4 x 8GB | DDR4-2133(DDR4-3200) | DIMM | 2020-06-03発売
トランセンド JM3200HSB-8G,1 x 8GB | DDR4-3200 | S.O.DIMM
キングストン HX436C18FB3AK4/128,4 x 32GB | DDR4-3600 | DIMM
キングストン HX432S20IBK2/64,2 x 32GB | DDR4-3200 | S.O.DIMM
G.Skill F4-4000C18D-64GTRG,2 x 32GB | DDR4-2666(DDR4-4000) | DIMM
G.Skill F4-4000C18D-64GTZR,2 x 32GB | DDR4-2666(DDR4-4000) | DIMM
アユート セレクトメモリー AU-2XM378A1G44AB0-CWE,2 x 8GB | DDR4-3200 | DIMM
G.Skill F4-4400C17D-16GTZR,2 x 8GB | DDR4-2133(DDR4-4400) | DIMM
G.Skill F4-3200C14D-64GVK,2 x 32GB | DDR4-2666(DDR4-3200) | DIMM
G.Skill F4-3800C18Q-32GTZN,4 x 8GB | DDR4-2133(DDR4-3800) | DIMM
G.Skill F4-4000C18Q-128GTZR,4 x 32GB | DDR4-2133(DDR4-4000) | DIMM
G.Skill F4-3600C16D-64GTRS,2 x 32GB | DDR4-2666(DDR4-3600) | DIMM
G.Skill F4-3600C16D-64GVK,2 x 32GB | DDR4-2666(DDR4-3600) | DIMM
ESSENCORE KLEVV KD48GU880-36A180C,2 x 8GB | DDR4-3600 | DIMM
G.Skill F4-3600C16Q-128GTRG,4 x 32GB | DDR4-2666(DDR4-3600) | DIMM
G.Skill F4-3600C16Q-128GTRS,4 x 32GB | DDR4-2666(DDR4-3600) | DIMM
アユート セレクトメモリー AU-2XM378A2K43CB1-CTD,2 x 16GB | DDR4-2666 | DIMM
ADATA AD4S2666732G19-RGN,1 x 32GB | DDR4-2666 | S.O.DIMM
Crucial Ballistix BL2K16G26C16S4B,2 x 16GB | DDR4-2666 | S.O.DIMM | 2020-03-27発売
Crucial Ballistix BL2K32G36C16U4BL,2 x 32GB | DDR4-3600 | DIMM | 2020-03-27発売
G.Skill F4-3600C16D-16GTRS,2 x 8GB | DDR4-3600 | DIMM
Corsair CMR32GX4M4C3000C15,4 x 8GB | DDR4-3000 | DIMM | 2017-04-08発売
umax UM-DDR4D-3000-32GBHS,2 x 16GB | DDR4-3000 | DIMM
G.Skill F4-3200C16Q-32GTRG,4 x 8GB | DDR4-3200 | DIMM
G.Skill F4-3000C16D-32GTRS,2 x 16GB | DDR4-3000 | DIMM
Crucial CT8G4RFS8293,1 x 8GB | DDR4-2933 | DIMM
G.Skill F4-3600C18D-16GTZRX,2 x 8GB | DDR4-2133(DDR4-3600) | DIMM
Corsair CMW32GX4M4K4000C19,4 x 8GB | DDR4-4000 | DIMM
トランセンド JetRam JM2666HLD-4G,1 x 4GB | DDR4-2666 | DIMM
グリーンハウス GH-DNF2400-16GB,1 x 16GB | DDR4-2400 | S.O.DIMM | 2017-07-01発売
エレコム EW2400-4G/RO,1 x 4GB | DDR4-2400 | DIMM | 2017-02-01発売
umax UM-DDR4S-3200-16GB,1 x 16GB | DDR4-3200 | DIMM
RAMMAX RM-SD1066-D4GB,2 x 2GB | DDR3-1066 | S.O.DIMM
CFD Selection D3N1600CM-4G,1 x 4GB | DDR3L-1600 | S.O.DIMM | 2016-09-01発売
G.Skill F4-3600C19D-16GSXKB,2 x 8GB | DDR4-3600 | DIMM | 2018-05-02発売
RAMMAX RM-LD2400-8GB,1 x 8GB | DDR4-2400 | DIMM
Team TED48G3200C22DC01,2 x 4GB | DDR4-3200 | DIMM | 2019-10-25発売
G.Skill F4-3600C16Q-32GTZRC,4 x 8GB | DDR4-3600 | DIMM
G.Skill F4-3600C18Q-32GTZR,4 x 8GB | DDR4-3600 | DIMM
G.Skill F4-3600C16D-16GTRGC,2 x 8GB | DDR4-3600 | DIMM
Adtec ADS12800N-L16G,1 x 16GB | DDR3L-1600 | S.O.DIMM | 2016-02-01発売
センチュリーマイクロ CD8G-SOD4U2666H,1 x 8GB | DDR4-2666 | S.O.DIMM | 2018-09-04発売
G.Skill F4-4000C18D-16GTZRB,2 x 8GB | DDR4-4000 | DIMM
センチュリーマイクロ CK8GX2-D4U2666H,2 x 8GB | DDR4-2666 | DIMM | 2017-08-01発売
Corsair CMT32GX4M2K4000C19W,2 x 16GB | DDR4-4000 | DIMM
G.Skill F4-3200C14D-32GFX,2 x 16GB | DDR4-3200 | DIMM
umax UM-DDR3D-1600-16GBHS,2 x 8GB | DDR3-1600 | DIMM
G.Skill F4-3600C16Q-128GVK,4 x 32GB | DDR4-2666(DDR4-3600) | DIMM
Crucial Ballistix BL2K8G30C15U4B,2 x 8GB | DDR4-3000 | DIMM | 2020-03-27発売
Corsair CMW16GX4M2C3600C18W,2 x 8GB | DDR4-3600 | DIMM
G.Skill F4-4000C18Q-128GTRS,4 x 32GB | DDR4-2133(DDR4-4000) | DIMM
ADATA AD4S2666716G19-RGN,1 x 16GB | DDR4-2666 | S.O.DIMM
G.Skill F4-3200C22D-32GRS,2 x 16GB | DDR4-3200 | S.O.DIMM
G.Skill F4-2800C17D-16GIS,2 x 8GB | DDR4-2800 | DIMM
umax UM-DDR4D-2400-32GBHS,2 x 16GB | DDR4-2400 | DIMM
キングストン KVR16LS11K2/16,2 x 8GB | DDR3L-1600 | S.O.DIMM
Corsair CMSX32GX4M1A2666C18,1 x 32GB | DDR4-2666 | S.O.DIMM
トランセンド JM3200HLG-8G,1 x 8GB | DDR4-3200 | DIMM
サムスン M378A5244CB0-CTD,1 x 4GB | DDR4-2666 | DIMM
キングストン KSM29RD4/32MEI,1 x 32GB | DDR4-2933 | DIMM
CFD Selection D4N2666CM-8GR,1 x 8GB | DDR4-2666 | S.O.DIMM | 2021-01-01発売
CFD Selection D4N3200CM-8GR,1 x 8GB | DDR4-3200 | S.O.DIMM | 2021-01-01発売
キングストン KSM26RS4/32MEI,1 x 32GB | DDR4-2666 | DIMM
CFD Selection W4N2666CM-16GR,2 x 16GB | DDR4-2666 | S.O.DIMM | 2021-01-01発売
CFD Selection D4N2666CM-16GR,1 x 16GB | DDR4-2666 | S.O.DIMM | 2021-01-01発売
キングストン HX434C19FB2K2/16,2 x 8GB | DDR4-3466 | DIMM
Corsair CMK16GX4M2A2400C16,2 x 8GB | DDR4-2400 | DIMM
Team TF9D432G2933HC16CDC01,2 x 16GB | DDR4-2933 | DIMM
G.Skill F4-4000C18D-16GTRS,2 x 8GB | DDR4-4000 | DIMM
RAMMAX RM-LD2400-D16GB,2 x 8GB | DDR4-2400 | DIMM
IODATA SDZ2133-8GR,1 x 8GB | DDR4-2133 | S.O.DIMM | 2019-05-01発売
G.Skill F4-3600C17D-32GTZSW,2 x 16GB | DDR4-3600 | DIMM
G.Skill F4-2133C15Q-64GFT,4 x 16GB | DDR4-2133 | DIMM
OCMEMORY OCM3200CL16Q-32GBNC,4 x 8GB | DDR4-3200 | DIMM
トランセンド TS1GLH72V4B,1 x 8GB | DDR4-2400 | DIMM
G.Skill F4-3600C17Q2-128GTZR,8 x 16GB | DDR4-3600 | DIMM
GALAXY GALAX HOF4CRL4BST4000M19SF162CL,2 x 8GB | DDR4-4000 | DIMM | 2019-08-24発売
キングストン KSM26ED8/16ME,1 x 16GB | DDR4-2666 | DIMM
キングストン HX432C18FB2K2/16,2 x 8GB | DDR4-3200 | DIMM
IODATA DZ2666-4G/ST,1 x 4GB | DDR4-2666 | DIMM | 2019-02-01発売
キングストン KVR26S19D8/16,1 x 16GB | DDR4-2666 | S.O.DIMM
G.Skill F4-3200C16Q-64GSXWB,4 x 16GB | DDR4-3200 | DIMM | 2018-02-10発売
G.Skill F4-3600C16D-32GVKC,2 x 16GB | DDR4-2133(DDR4-3600) | DIMM
Corsair CMK64GX4M4A2666C16,4 x 16GB | DDR4-2666 | DIMM
ESSENCORE KLEVV KD4AGU880-32A160X,2 x 16GB | DDR4-3200 | DIMM
G.Skill F4-3600C16D-16GTRSC,2 x 8GB | DDR4-3600 | DIMM
Crucial CT8G4RFS8266,1 x 8GB | DDR4-2666 | DIMM
CFD W4U3200CX1-16G,2 x 16GB | DDR4-3200 | DIMM | 2019-10-01発売
